-- MariaDB dump 10.19  Distrib 10.4.20-MariaDB, for Win64 (AMD64)
--
-- Host: localhost    Database: Mandicab
-- ------------------------------------------------------
-- Server version	10.4.20-MariaDB

/*!40101 SET @OLD_CHARACTER_SET_CLIENT=@@CHARACTER_SET_CLIENT */;
/*!40101 SET @OLD_CHARACTER_SET_RESULTS=@@CHARACTER_SET_RESULTS */;
/*!40101 SET @OLD_COLLATION_CONNECTION=@@COLLATION_CONNECTION */;
/*!40101 SET NAMES utf8mb4 */;
/*!40103 SET @OLD_TIME_ZONE=@@TIME_ZONE */;
/*!40103 SET TIME_ZONE='+00:00' */;
/*!40014 SET @OLD_UNIQUE_CHECKS=@@UNIQUE_CHECKS, UNIQUE_CHECKS=0 */;
/*!40014 SET @OLD_FOREIGN_KEY_CHECKS=@@FOREIGN_KEY_CHECKS, FOREIGN_KEY_CHECKS=0 */;
/*!40101 SET @OLD_SQL_MODE=@@SQL_MODE, SQL_MODE='NO_AUTO_VALUE_ON_ZERO' */;
/*!40111 SET @OLD_SQL_NOTES=@@SQL_NOTES, SQL_NOTES=0 */;

--
-- Table structure for table `booking`
--

DROP TABLE IF EXISTS `booking`;
/*!40101 SET @saved_cs_client     = @@character_set_client */;
/*!40101 SET character_set_client = utf8 */;
CREATE TABLE `booking` (
  `BookingID` int(11) NOT NULL AUTO_INCREMENT,
  `CustomerEmail` varchar(255) NOT NULL,
  `DriverID` int(11) NOT NULL,
  `Pickup` varchar(255) NOT NULL,
  `Pickup_time` time NOT NULL,
  `Pickup_Date` date NOT NULL,
  `Drop_Location` varchar(255) NOT NULL,
  `Car` varchar(255) NOT NULL,
  PRIMARY KEY (`BookingID`)
) ENGINE=InnoDB AUTO_INCREMENT=31 DEFAULT CHARSET=utf8mb4;
/*!40101 SET character_set_client = @saved_cs_client */;

--
-- Dumping data for table `booking`
--

LOCK TABLES `booking` WRITE;
/*!40000 ALTER TABLE `booking` DISABLE KEYS */;
INSERT INTO `booking` VALUES (1,'b20094@students.iitmandi.ac.in',965,'Banglore','13:00:00','2021-11-17','Chandigarh','Sedan'),(2,'b20094@students.iitmandi.ac.in',11,'Chennai','08:19:00','2021-11-24','Chandigarh','Mini'),(3,'b20288@students.iitmandi.ac.in',196,'Dhanbad','09:10:00','2021-11-25','Delhi','Sedan'),(4,'b20288@students.iitmandi.ac.in',33,'Delhi','09:10:00','2021-12-31','Dhanbad','SUV'),(5,'b20094@students.iitmandi.ac.in',80,'Dhanbad','09:10:00','2021-11-13','Delhi','Mini'),(6,'b20288@students.iitmandi.ac.in',334,'Banglore','09:10:00','2021-11-25','Bhopal','Sedan'),(7,'b20288@students.iitmandi.ac.in',452,'Banglore','07:12:00','2021-11-21','Hyderabad','Luxury'),(8,'b20288@students.iitmandi.ac.in',352,'Bhopal','08:55:00','2021-11-23','Mandi','Sedan'),(9,'b20288@students.iitmandi.ac.in',800,'Bhopal','13:24:00','2021-11-29','Gandhi Nagar','SUV'),(10,'b20288@students.iitmandi.ac.in',420,'Chennai','09:23:00','2021-11-20','Pune','Sedan'),(11,'b20288@students.iitmandi.ac.in',816,'Chennai','12:12:00','2021-11-22','Mumbai','Mini'),(12,'b20288@students.iitmandi.ac.in',392,'Delhi','07:32:00','2021-11-29','Mandi','SUV'),(13,'b20288@students.iitmandi.ac.in',437,'Delhi','09:09:00','2021-12-12','Kashmir','Sedan'),(14,'b20288@students.iitmandi.ac.in',958,'Gandhi Nagar','17:09:00','2021-12-23','Pune','Sedan'),(15,'b20288@students.iitmandi.ac.in',490,'Delhi','09:25:00','2021-12-01','Mumbai','Mini'),(16,'b20288@students.iitmandi.ac.in',878,'Hyderabad','13:45:00','2022-02-23','Pune','Sedan'),(17,'b20288@students.iitmandi.ac.in',439,'Hyderabad','08:00:00','2021-11-20','Raipur','Luxury'),(18,'b20288@students.iitmandi.ac.in',561,'Indore','19:00:00','2021-12-29','Mumbai','SUV'),(19,'b20288@students.iitmandi.ac.in',581,'Indore','15:00:00','2021-11-23','Mumbai','Luxury'),(20,'b20288@students.iitmandi.ac.in',402,'Kolkata','09:00:00','2021-12-02','Mandi','Sedan'),(21,'b20288@students.iitmandi.ac.in',814,'Kolkata','17:00:00','2021-12-07','Mumbai','Luxury'),(22,'b20288@students.iitmandi.ac.in',435,'Kashmir','00:30:00','2021-12-15','Mandi','SUV'),(23,'b20288@students.iitmandi.ac.in',238,'Kashmir','09:00:00','2021-11-20','Chandigarh','Mini'),(24,'b20288@students.iitmandi.ac.in',191,'Mandi','11:00:00','2021-12-30','Delhi','Luxury'),(25,'b20288@students.iitmandi.ac.in',455,'Mandi','10:30:00','2021-12-31','Chandigarh','Sedan'),(26,'b20288@students.iitmandi.ac.in',949,'Mumbai','19:24:00','2021-12-01','Pune','SUV'),(27,'b20288@students.iitmandi.ac.in',560,'Mumbai','12:22:00','2021-12-16','Indore','SUV'),(28,'b20288@students.iitmandi.ac.in',246,'Pune','01:00:00','2021-12-13','Dhanbad','Luxury'),(29,'b20288@students.iitmandi.ac.in',918,'Pune','18:00:00','2021-11-30','Raipur','Sedan'),(30,'b20288@students.iitmandi.ac.in',142,'Raipur','03:00:00','2021-11-22','Kolkata','Mini');
/*!40000 ALTER TABLE `booking` ENABLE KEYS */;
UNLOCK TABLES;

--
-- Table structure for table `customer`
--

DROP TABLE IF EXISTS `customer`;
/*!40101 SET @saved_cs_client     = @@character_set_client */;
/*!40101 SET character_set_client = utf8 */;
CREATE TABLE `customer` (
  `Serial_No` int(11) NOT NULL AUTO_INCREMENT,
  `Name` varchar(30) NOT NULL,
  `Password` varchar(30) NOT NULL,
  `Email` varchar(30) NOT NULL,
  `Category` varchar(8) DEFAULT 'User',
  PRIMARY KEY (`Serial_No`)
) ENGINE=InnoDB AUTO_INCREMENT=10 DEFAULT CHARSET=utf8mb4;
/*!40101 SET character_set_client = @saved_cs_client */;

--
-- Dumping data for table `customer`
--

LOCK TABLES `customer` WRITE;
/*!40000 ALTER TABLE `customer` DISABLE KEYS */;
INSERT INTO `customer` VALUES (1,'Admin','9752452576','nrewasiya@gmail.com','Admin'),(2,'Devansh','5454','b20094@students.iitmandi.ac.in','User'),(3,'Nilesh','Nilesh','b20117@student.iitmandi.ac.in','User'),(4,'Arman','123456789','b20083@students.iitmandi.ac.in','User'),(5,'Devansh','123654987','uyygyuhbci@gmail.com','User'),(6,'Meenal','123456789','b20114@students.iitmandi.ac.in','User'),(7,'Happy','123456789','devansh.agrawal09@gmail.com','User'),(8,'test','123456789','test1@gmail.com','User'),(9,'Hemant','1@minL@ve','b20288@students.iitmandi.ac.in','User');
/*!40000 ALTER TABLE `customer` ENABLE KEYS */;
UNLOCK TABLES;

--
-- Table structure for table `driver`
--

DROP TABLE IF EXISTS `driver`;
/*!40101 SET @saved_cs_client     = @@character_set_client */;
/*!40101 SET character_set_client = utf8 */;
CREATE TABLE `driver` (
  `ID` int(11) NOT NULL,
  `Name` varchar(255) NOT NULL,
  `StartingTime` time NOT NULL,
  `EndingTime` time NOT NULL,
  `City` varchar(255) NOT NULL,
  `Car` varchar(255) NOT NULL,
  PRIMARY KEY (`ID`)
) ENGINE=InnoDB DEFAULT CHARSET=utf8mb4;
/*!40101 SET character_set_client = @saved_cs_client */;

--
-- Dumping data for table `driver`
--

LOCK TABLES `driver` WRITE;
/*!40000 ALTER TABLE `driver` DISABLE KEYS */;
INSERT INTO `driver` VALUES (1,'Bradley Hawk','00:01:00','12:00:00','Kolkata','SUV'),(2,'Dennis Muller','00:01:00','12:00:00','Mumbai','SUV'),(3,'Stanley Johnson','00:01:00','12:00:00','Gandhi Nagar','SUV'),(4,'Luis Taylor','00:01:00','12:00:00','Kolkata','Mini'),(5,'Bradley Coker','00:01:00','12:00:00','Mumbai','Sedan'),(6,'Ronald Berry','00:01:00','12:00:00','Indore','Mini'),(7,'James Uitz','00:01:00','12:00:00','Pune','Luxury'),(8,'Johnny North','00:01:00','12:00:00','Dhanbad','Mini'),(9,'Sidney Hernandez','00:01:00','12:00:00','Delhi','SUV'),(10,'Louis Donaldson','00:01:00','12:00:00','Kashmir','Mini'),(11,'Keith Young','00:01:00','12:00:00','Chennai','Mini'),(12,'Robert Fisher','00:01:00','12:00:00','Kolkata','Sedan'),(13,'Norman Lay','00:01:00','12:00:00','Chandigarh','Mini'),(14,'Orville Ellis','00:01:00','12:00:00','Pune','Luxury'),(15,'Pat Johnson','00:01:00','12:00:00','Dhanbad','SUV'),(16,'Edward Siverling','00:01:00','12:00:00','Mandi','Luxury'),(17,'Aubrey Albert','00:01:00','12:00:00','Delhi','Luxury'),(18,'Adan Conorich','00:01:00','12:00:00','Banglore','Luxury'),(19,'Nathan Costello','00:01:00','12:00:00','Chandigarh','Sedan'),(20,'Mario Moore','00:01:00','12:00:00','Kolkata','Luxury'),(21,'Ramon Griffith','00:01:00','12:00:00','Chandigarh','Sedan'),(22,'Mark Reed','00:01:00','12:00:00','Gandhi Nagar','Luxury'),(23,'Robert Fontenot','00:01:00','12:00:00','Hyderabad','Sedan'),(24,'Alex Willardson','00:01:00','12:00:00','Chandigarh','Sedan'),(25,'Leon Jaeger','00:01:00','12:00:00','Mumbai','SUV'),(26,'Victor Hamson','00:01:00','12:00:00','Mumbai','SUV'),(27,'Alexander Law','00:01:00','12:00:00','Raipur','Mini'),(28,'Angel Weber','00:01:00','12:00:00','Mandi','SUV'),(29,'Frank Terra','00:01:00','12:00:00','Delhi','Mini'),(30,'Alfred Alexander','00:01:00','12:00:00','Gandhi Nagar','Luxury'),(31,'Jerry Harrison','00:01:00','12:00:00','Raipur','Mini'),(32,'Travis Lyell','00:01:00','12:00:00','Raipur','Luxury'),(33,'Christopher Leandro','00:01:00','12:00:00','Delhi','SUV'),(34,'Lance Parks','00:01:00','12:00:00','Gandhi Nagar','Sedan'),(35,'Kevin Samuels','00:01:00','12:00:00','Bhopal','Luxury'),(36,'Marvin Hawkins','00:01:00','12:00:00','Mumbai','SUV'),(37,'Russell Pierson','00:01:00','12:00:00','Bhopal','Luxury'),(38,'Joe Bryan','00:01:00','12:00:00','Hyderabad','Luxury'),(39,'Brice Burdette','00:01:00','12:00:00','Banglore','Mini'),(40,'Mark Dejesus','00:01:00','12:00:00','Mumbai','Sedan'),(41,'Amos Barnett','00:01:00','12:00:00','Delhi','Mini'),(42,'Carl Obrien','00:01:00','12:00:00','Raipur','SUV'),(43,'Richard Bernard','00:01:00','12:00:00','Dhanbad','Sedan'),(44,'Ellis Case','00:01:00','12:00:00','Delhi','Mini'),(45,'Raul Rider','00:01:00','12:00:00','Chandigarh','Mini'),(46,'James Cameron','00:01:00','12:00:00','Kashmir','SUV'),(47,'Adam Craven','00:01:00','12:00:00','Pune','Mini'),(48,'Carl Hairston','00:01:00','12:00:00','Dhanbad','Luxury'),(49,'Daniel Mcgriff','00:01:00','12:00:00','Delhi','Mini'),(50,'Matthew Snipes','00:01:00','12:00:00','Dhanbad','Luxury'),(51,'Steven Caplan','00:01:00','12:00:00','Gandhi Nagar','Sedan'),(52,'Carlos Shirley','00:01:00','12:00:00','Chandigarh','Luxury'),(53,'Charles Brown','00:01:00','12:00:00','Dhanbad','Luxury'),(54,'Anthony Reese','00:01:00','12:00:00','Mandi','SUV'),(55,'Eric Ronzoni','00:01:00','12:00:00','Chennai','Sedan'),(56,'John Goldblatt','00:01:00','12:00:00','Chandigarh','SUV'),(57,'Gary Forest','00:01:00','12:00:00','Hyderabad','Sedan'),(58,'Vernon Austin','00:01:00','12:00:00','Dhanbad','Sedan'),(59,'Justin Hutto','00:01:00','12:00:00','Mandi','Mini'),(60,'William Elizondo','00:01:00','12:00:00','Mumbai','SUV'),(61,'Barry Manko','00:01:00','12:00:00','Kolkata','Sedan'),(62,'Mark Juba','00:01:00','12:00:00','Hyderabad','Sedan'),(63,'Matthew Shepherd','00:01:00','12:00:00','Mumbai','Sedan'),(64,'Jimmy Dunne','00:01:00','12:00:00','Dhanbad','Luxury'),(65,'Michael Shirkey','00:01:00','12:00:00','Mandi','Luxury'),(66,'Shawn Weingarten','00:01:00','12:00:00','Mumbai','Mini'),(67,'Clifford Oneal','00:01:00','12:00:00','Pune','Sedan'),(68,'William Fierro','00:01:00','12:00:00','Indore','SUV'),(69,'David Marquez','00:01:00','12:00:00','Delhi','Mini'),(70,'Kevin Pullins','00:01:00','12:00:00','Pune','Sedan'),(71,'Michel Rogers','00:01:00','12:00:00','Delhi','Luxury'),(72,'John Fisher','00:01:00','12:00:00','Raipur','Luxury'),(73,'Roger Sthilaire','00:01:00','12:00:00','Indore','Sedan'),(74,'Sam Bowley','00:01:00','12:00:00','Mumbai','SUV'),(75,'John Lawrence','00:01:00','12:00:00','Bhopal','Mini'),(76,'Ernie Jenkins','00:01:00','12:00:00','Banglore','Luxury'),(77,'Travis Taylor','00:01:00','12:00:00','Chennai','Sedan'),(78,'Ernesto Crow','00:01:00','12:00:00','Kolkata','Luxury'),(79,'Dominique Barker','00:01:00','12:00:00','Gandhi Nagar','SUV'),(80,'John Morrison','00:01:00','12:00:00','Dhanbad','Mini'),(81,'Rafael Moore','00:01:00','12:00:00','Indore','Mini'),(82,'Christopher Rushing','00:01:00','12:00:00','Banglore','SUV'),(83,'William Cookman','00:01:00','12:00:00','Chandigarh','Sedan'),(84,'Victor Satterwhite','00:01:00','12:00:00','Chandigarh','SUV'),(85,'Terry Gardner','00:01:00','12:00:00','Delhi','Mini'),(86,'Paul Davis','00:01:00','12:00:00','Delhi','Sedan'),(87,'Bud Debo','00:01:00','12:00:00','Raipur','SUV'),(88,'Conrad Iyo','00:01:00','12:00:00','Chennai','Luxury'),(89,'Anthony Sheridan','00:01:00','12:00:00','Mumbai','SUV'),(90,'Kenneth Hickman','00:01:00','12:00:00','Gandhi Nagar','Sedan'),(91,'Eugene Walker','00:01:00','12:00:00','Chennai','Mini'),(92,'Victor Salvadore','00:01:00','12:00:00','Delhi','Sedan'),(93,'Julio Brandi','00:01:00','12:00:00','Pune','Luxury'),(94,'Billy Janow','00:01:00','12:00:00','Mandi','SUV'),(95,'Michael Hull','00:01:00','12:00:00','Delhi','Luxury'),(96,'Thomas Pierre','00:01:00','12:00:00','Hyderabad','Sedan'),(97,'Julian Pearce','00:01:00','12:00:00','Pune','Sedan'),(98,'Daryl Clute','00:01:00','12:00:00','Indore','Mini'),(99,'Marvin Alonso','00:01:00','12:00:00','Pune','Mini'),(100,'Duane Velasquez','00:01:00','12:00:00','Indore','Sedan'),(101,'Adam Garrett','00:01:00','12:00:00','Hyderabad','Luxury'),(102,'Robert Stewart','00:01:00','12:00:00','Raipur','Luxury'),(103,'Richard Howze','00:01:00','12:00:00','Bhopal','Sedan'),(104,'Richard Alvarez','00:01:00','12:00:00','Delhi','Mini'),(105,'George Watkins','00:01:00','12:00:00','Hyderabad','Luxury'),(106,'Manuel Ward','00:01:00','12:00:00','Kolkata','Sedan'),(107,'Carl Jones','00:01:00','12:00:00','Chandigarh','SUV'),(108,'Fred Tamaro','00:01:00','12:00:00','Mandi','Luxury'),(109,'Douglas Lairy','00:01:00','12:00:00','Delhi','SUV'),(110,'Charles Thompson','00:01:00','12:00:00','Hyderabad','SUV'),(111,'James Throneberry','00:01:00','12:00:00','Pune','Sedan'),(112,'Richard Findley','00:01:00','12:00:00','Banglore','Mini'),(113,'Lance Watkins','00:01:00','12:00:00','Mandi','SUV'),(114,'Stephen Moniz','00:01:00','12:00:00','Kashmir','Luxury'),(115,'Charles Wang','00:01:00','12:00:00','Gandhi Nagar','Luxury'),(116,'Michael Thomas','00:01:00','12:00:00','Raipur','SUV'),(117,'George Pellegrini','00:01:00','12:00:00','Kolkata','SUV'),(118,'Stephen Davis','00:01:00','12:00:00','Chandigarh','Sedan'),(119,'Scott Fischer','00:01:00','12:00:00','Dhanbad','SUV'),(120,'Clyde Steele','00:01:00','12:00:00','Chennai','Mini'),(121,'Julius Gustafson','00:01:00','12:00:00','Bhopal','SUV'),(122,'Maurice Simpson','00:01:00','12:00:00','Kashmir','Luxury'),(123,'Tom Humphries','00:01:00','12:00:00','Hyderabad','Luxury'),(124,'Andrew Lowder','00:01:00','12:00:00','Gandhi Nagar','Sedan'),(125,'Michael Sakkinen','00:01:00','12:00:00','Mandi','Mini'),(126,'Richard Beauregard','00:01:00','12:00:00','Kolkata','Luxury'),(127,'David Gowen','00:01:00','12:00:00','Mumbai','SUV'),(128,'Brent Harger','00:01:00','12:00:00','Delhi','SUV'),(129,'Carl Kocher','00:01:00','12:00:00','Banglore','Luxury'),(130,'Brad Coates','00:01:00','12:00:00','Kolkata','SUV'),(131,'Scott Mallow','00:01:00','12:00:00','Delhi','SUV'),(132,'Ross Corona','00:01:00','12:00:00','Banglore','Mini'),(133,'Billy Daggett','00:01:00','12:00:00','Gandhi Nagar','SUV'),(134,'John Ortiz','00:01:00','12:00:00','Chennai','Luxury'),(135,'Nathaniel Keith','00:01:00','12:00:00','Hyderabad','Luxury'),(136,'Walter Scott','00:01:00','12:00:00','Dhanbad','SUV'),(137,'Allen Grubbs','00:01:00','12:00:00','Pune','Luxury'),(138,'Josh Vatter','00:01:00','12:00:00','Mumbai','Luxury'),(139,'Edward Granados','00:01:00','12:00:00','Kashmir','Sedan'),(140,'Cecil Kraft','00:01:00','12:00:00','Hyderabad','SUV'),(141,'Nathaniel Askew','00:01:00','12:00:00','Mandi','Mini'),(142,'James Earle','00:01:00','12:00:00','Raipur','Mini'),(143,'Dallas Kujawa','00:01:00','12:00:00','Kashmir','Mini'),(144,'Timothy Taylor','00:01:00','12:00:00','Indore','Sedan'),(145,'John Propheter','00:01:00','12:00:00','Gandhi Nagar','Sedan'),(146,'Steve Kirtley','00:01:00','12:00:00','Chennai','Luxury'),(147,'Fredric Alvarez','00:01:00','12:00:00','Raipur','Sedan'),(148,'Robert Delatrinidad','00:01:00','12:00:00','Bhopal','SUV'),(149,'Luis Dipaolo','00:01:00','12:00:00','Hyderabad','Mini'),(150,'Bobby Gallagher','00:01:00','12:00:00','Chandigarh','Luxury'),(151,'Bill Curtis','00:01:00','12:00:00','Kolkata','Sedan'),(152,'John Anderson','00:01:00','12:00:00','Chennai','SUV'),(153,'James Jones','00:01:00','12:00:00','Delhi','Luxury'),(154,'Robert Sollie','00:01:00','12:00:00','Kolkata','Luxury'),(155,'Milton Shaffer','00:01:00','12:00:00','Mandi','SUV'),(156,'Raymond Midkiff','00:01:00','12:00:00','Mandi','SUV'),(157,'Jess Gonzales','00:01:00','12:00:00','Chandigarh','SUV'),(158,'George Bergquist','00:01:00','12:00:00','Chennai','SUV'),(159,'Justin Bilger','00:01:00','12:00:00','Chandigarh','Sedan'),(160,'Charles Rodriquez','00:01:00','12:00:00','Kolkata','SUV'),(161,'Boyd Armes','00:01:00','12:00:00','Hyderabad','SUV'),(162,'Bernard Beaver','00:01:00','12:00:00','Chandigarh','Sedan'),(163,'Anthony Wilkerson','00:01:00','12:00:00','Pune','Mini'),(164,'Michael Rose','00:01:00','12:00:00','Kashmir','Mini'),(165,'Darryl Yu','00:01:00','12:00:00','Hyderabad','Luxury'),(166,'Dennis Dean','00:01:00','12:00:00','Hyderabad','Mini'),(167,'John Randolph','00:01:00','12:00:00','Mandi','Mini'),(168,'Steven Schuch','00:01:00','12:00:00','Mumbai','Luxury'),(169,'Rudy Woolery','00:01:00','12:00:00','Pune','Luxury'),(170,'Alvin Samaniego','00:01:00','12:00:00','Raipur','Sedan'),(171,'Henry Grosbier','00:01:00','12:00:00','Chennai','Luxury'),(172,'Gabriel Martinez','00:01:00','12:00:00','Delhi','SUV'),(173,'Rodrigo Cuthbert','00:01:00','12:00:00','Pune','Luxury'),(174,'Robert Norrell','00:01:00','12:00:00','Hyderabad','SUV'),(175,'Grover Jones','00:01:00','12:00:00','Mandi','Sedan'),(176,'Melvin Casey','00:01:00','12:00:00','Pune','Mini'),(177,'Ernest Thompson','00:01:00','12:00:00','Dhanbad','Sedan'),(178,'Gary Smith','00:01:00','12:00:00','Hyderabad','Mini'),(179,'Joseph Ledbetter','00:01:00','12:00:00','Dhanbad','Luxury'),(180,'Ray Horne','00:01:00','12:00:00','Bhopal','Luxury'),(181,'Ernest Wicklund','00:01:00','12:00:00','Chennai','SUV'),(182,'Henry Garcia','00:01:00','12:00:00','Chandigarh','Sedan'),(183,'Timothy Morataya','00:01:00','12:00:00','Chennai','Mini'),(184,'Scott Cordova','00:01:00','12:00:00','Kashmir','Mini'),(185,'Eddie Bone','00:01:00','12:00:00','Kolkata','Sedan'),(186,'Julian Balderas','00:01:00','12:00:00','Bhopal','Sedan'),(187,'James Buresh','00:01:00','12:00:00','Indore','SUV'),(188,'Chris Rosado','00:01:00','12:00:00','Banglore','Sedan'),(189,'Luciano Miller','00:01:00','12:00:00','Mandi','Sedan'),(190,'Raymond Schneider','00:01:00','12:00:00','Raipur','Luxury'),(191,'James Mclain','00:01:00','12:00:00','Mandi','Luxury'),(192,'Scott Bowman','00:01:00','12:00:00','Mumbai','SUV'),(193,'Henry Slay','00:01:00','12:00:00','Indore','Mini'),(194,'Joshua Faison','00:01:00','12:00:00','Kashmir','Sedan'),(195,'Homer Shaughnessy','00:01:00','12:00:00','Mumbai','Luxury'),(196,'Edward Serbus','00:01:00','12:00:00','Dhanbad','Sedan'),(197,'Bill Nelsen','00:01:00','12:00:00','Hyderabad','Luxury'),(198,'Cary Reilly','00:01:00','12:00:00','Chandigarh','Sedan'),(199,'Pedro Costa','00:01:00','12:00:00','Banglore','Sedan'),(200,'Howard Johnson','00:01:00','12:00:00','Pune','SUV'),(201,'Michael Collier','00:01:00','12:00:00','Mumbai','Mini'),(202,'John Crawford','00:01:00','12:00:00','Bhopal','Sedan'),(203,'James Daniels','00:01:00','12:00:00','Kolkata','SUV'),(204,'Larry Gambrell','00:01:00','12:00:00','Delhi','Mini'),(205,'Terry Ford','00:01:00','12:00:00','Dhanbad','Mini'),(206,'James Terrones','00:01:00','12:00:00','Mumbai','Mini'),(207,'Wayne Larsen','00:01:00','12:00:00','Bhopal','Sedan'),(208,'Dale Howery','00:01:00','12:00:00','Kolkata','Mini'),(209,'Lloyd Mimnaugh','00:01:00','12:00:00','Hyderabad','Sedan'),(210,'Andy James','00:01:00','12:00:00','Dhanbad','Luxury'),(211,'Marco Amador','00:01:00','12:00:00','Gandhi Nagar','SUV'),(212,'Ted Shores','00:01:00','12:00:00','Raipur','Mini'),(213,'Andrew Thomas','00:01:00','12:00:00','Mandi','SUV'),(214,'Keith Chamberland','00:01:00','12:00:00','Hyderabad','Sedan'),(215,'Ray James','00:01:00','12:00:00','Bhopal','Sedan'),(216,'John Horner','00:01:00','12:00:00','Pune','Mini'),(217,'Richard Johnson','00:01:00','12:00:00','Gandhi Nagar','Mini'),(218,'Thomas Roberts','00:01:00','12:00:00','Mandi','Mini'),(219,'James Thornton','00:01:00','12:00:00','Bhopal','Mini'),(220,'William Mooney','00:01:00','12:00:00','Chennai','SUV'),(221,'Richard Cartagena','00:01:00','12:00:00','Delhi','Sedan'),(222,'Eugene Henry','00:01:00','12:00:00','Chennai','SUV'),(223,'Marvin Mitchelle','00:01:00','12:00:00','Indore','Luxury'),(224,'Gus Evans','00:01:00','12:00:00','Mandi','SUV'),(225,'Cecil Torres','00:01:00','12:00:00','Indore','Luxury'),(226,'William Russell','00:01:00','12:00:00','Banglore','SUV'),(227,'Dean Caraballo','00:01:00','12:00:00','Mandi','Sedan'),(228,'Brian Holcomb','00:01:00','12:00:00','Mumbai','Luxury'),(229,'Everett Jones','00:01:00','12:00:00','Mumbai','Luxury'),(230,'Alden Debose','00:01:00','12:00:00','Hyderabad','Luxury'),(231,'Arthur King','00:01:00','12:00:00','Raipur','Mini'),(232,'Chester Roy','00:01:00','12:00:00','Raipur','Mini'),(233,'Donald Marks','00:01:00','12:00:00','Kashmir','Mini'),(234,'Cody Mederos','00:01:00','12:00:00','Bhopal','Luxury'),(235,'Jason Sikorski','00:01:00','12:00:00','Indore','Luxury'),(236,'Norman Canez','00:01:00','12:00:00','Mumbai','Sedan'),(237,'William Avery','00:01:00','12:00:00','Mandi','Sedan'),(238,'Jeffrey Lambes','00:01:00','12:00:00','Kashmir','Mini'),(239,'Jody Anderson','00:01:00','12:00:00','Mandi','Sedan'),(240,'Ivan Albers','00:01:00','12:00:00','Delhi','Sedan'),(241,'Freddy Hopkins','00:01:00','12:00:00','Dhanbad','Luxury'),(242,'Kevin Morse','00:01:00','12:00:00','Dhanbad','Luxury'),(243,'Kim Lawton','00:01:00','12:00:00','Kashmir','SUV'),(244,'David Simms','00:01:00','12:00:00','Chandigarh','Sedan'),(245,'Robert Mcgriff','00:01:00','12:00:00','Kashmir','Luxury'),(246,'Shannon Britt','00:01:00','12:00:00','Pune','Luxury'),(247,'Joseph Sims','00:01:00','12:00:00','Chandigarh','Mini'),(248,'Charles Barron','00:01:00','12:00:00','Mandi','Luxury'),(249,'Michael Slonaker','00:01:00','12:00:00','Mandi','Luxury'),(250,'Walter Jones','00:01:00','12:00:00','Delhi','Sedan'),(251,'Albert Powell','00:01:00','12:00:00','Kolkata','Mini'),(252,'Pierre Walker','00:01:00','12:00:00','Banglore','SUV'),(253,'Billy Miller','00:01:00','12:00:00','Indore','Mini'),(254,'Edgar Birchfield','00:01:00','12:00:00','Delhi','Luxury'),(255,'Jason Robinson','00:01:00','12:00:00','Delhi','SUV'),(256,'Joel Hope','00:01:00','12:00:00','Bhopal','Sedan'),(257,'Colin Morehouse','00:01:00','12:00:00','Mandi','Mini'),(258,'Chad Bynum','00:01:00','12:00:00','Banglore','Mini'),(259,'Victor Ramirez','00:01:00','12:00:00','Raipur','Sedan'),(260,'Brian Hansen','00:01:00','12:00:00','Mandi','Luxury'),(261,'Ralph Harris','00:01:00','12:00:00','Gandhi Nagar','Luxury'),(262,'Steve Smith','00:01:00','12:00:00','Delhi','Mini'),(263,'Donald Davis','00:01:00','12:00:00','Mumbai','SUV'),(264,'James Landrum','00:01:00','12:00:00','Gandhi Nagar','Sedan'),(265,'Dennis Richey','00:01:00','12:00:00','Hyderabad','Luxury'),(266,'William Mauldin','00:01:00','12:00:00','Banglore','SUV'),(267,'Richard Schwalb','00:01:00','12:00:00','Chandigarh','SUV'),(268,'Michael White','00:01:00','12:00:00','Banglore','Mini'),(269,'Erwin West','00:01:00','12:00:00','Bhopal','Mini'),(270,'Robert Perrier','00:01:00','12:00:00','Mandi','SUV'),(271,'Donald Bowen','00:01:00','12:00:00','Mumbai','Mini'),(272,'Mitchell Smith','00:01:00','12:00:00','Kashmir','SUV'),(273,'Paul Hand','00:01:00','12:00:00','Mandi','Sedan'),(274,'Charles Call','00:01:00','12:00:00','Delhi','Sedan'),(275,'Bart Rogers','00:01:00','12:00:00','Delhi','Mini'),(276,'Joseph Gamble','00:01:00','12:00:00','Chennai','Luxury'),(277,'Kevin Caldwell','00:01:00','12:00:00','Indore','Sedan'),(278,'Clifton Coleman','00:01:00','12:00:00','Bhopal','SUV'),(279,'John Williams','00:01:00','12:00:00','Gandhi Nagar','Sedan'),(280,'Sidney Behrendt','00:01:00','12:00:00','Dhanbad','SUV'),(281,'Matthew Steenbergen','00:01:00','12:00:00','Pune','Mini'),(282,'Larry Davis','00:01:00','12:00:00','Raipur','SUV'),(283,'Lonnie Ruiz','00:01:00','12:00:00','Banglore','Sedan'),(284,'John Hampton','00:01:00','12:00:00','Pune','Luxury'),(285,'Charlie Oh','00:01:00','12:00:00','Pune','Luxury'),(286,'John Chan','00:01:00','12:00:00','Chandigarh','Mini'),(287,'Dennis Mcdonald','00:01:00','12:00:00','Dhanbad','Sedan'),(288,'Blaine Patel','00:01:00','12:00:00','Chennai','Sedan'),(289,'Andres Duncan','00:01:00','12:00:00','Gandhi Nagar','Luxury'),(290,'Roy Gayhart','00:01:00','12:00:00','Kolkata','Sedan'),(291,'Scotty Cropley','00:01:00','12:00:00','Raipur','Luxury'),(292,'Shawn Walker','00:01:00','12:00:00','Gandhi Nagar','Mini'),(293,'William Riddle','00:01:00','12:00:00','Indore','Sedan'),(294,'Gary Reid','00:01:00','12:00:00','Chandigarh','Sedan'),(295,'Jarrod Driver','00:01:00','12:00:00','Raipur','Sedan'),(296,'Robert Turner','00:01:00','12:00:00','Indore','SUV'),(297,'Michael Greene','00:01:00','12:00:00','Kashmir','Sedan'),(298,'Richard Carlton','00:01:00','12:00:00','Kolkata','Mini'),(299,'Mark Lindsey','00:01:00','12:00:00','Bhopal','Mini'),(300,'Seth Davidson','00:01:00','12:00:00','Banglore','Sedan'),(301,'Oscar Casillas','00:01:00','12:00:00','Banglore','SUV'),(302,'Michael Barnes','00:01:00','12:00:00','Delhi','Mini'),(303,'Daniel Metelus','00:01:00','12:00:00','Indore','Mini'),(304,'William Necaise','00:01:00','12:00:00','Indore','Luxury'),(305,'Elvin Williams','00:01:00','12:00:00','Mumbai','Luxury'),(306,'Edwin Beatty','00:01:00','12:00:00','Mandi','Sedan'),(307,'Lawrence Johnson','00:01:00','12:00:00','Pune','SUV'),(308,'Rodney Sanchez','00:01:00','12:00:00','Indore','Sedan'),(309,'Walter Thomas','00:01:00','12:00:00','Delhi','SUV'),(310,'Russell Blount','00:01:00','12:00:00','Kashmir','Mini'),(311,'James Sideris','00:01:00','12:00:00','Raipur','Luxury'),(312,'Scott Baker','00:01:00','12:00:00','Bhopal','SUV'),(313,'Luis Bishop','00:01:00','12:00:00','Kashmir','SUV'),(314,'Terry Everett','00:01:00','12:00:00','Delhi','SUV'),(315,'William Hunter','00:01:00','12:00:00','Mumbai','SUV'),(316,'Joseph Duncan','00:01:00','12:00:00','Delhi','SUV'),(317,'Santos Musumeci','00:01:00','12:00:00','Mumbai','Sedan'),(318,'John Jackson','00:01:00','12:00:00','Gandhi Nagar','Luxury'),(319,'Andre Mason','00:01:00','12:00:00','Chennai','Mini'),(320,'James Lopez','00:01:00','12:00:00','Chennai','Sedan'),(321,'Noah Gentes','00:01:00','12:00:00','Bhopal','Mini'),(322,'Christopher Foster','00:01:00','12:00:00','Dhanbad','Mini'),(323,'Kevin Kelley','00:01:00','12:00:00','Hyderabad','Sedan'),(324,'Daryl Baker','00:01:00','12:00:00','Chandigarh','SUV'),(325,'Alva Allen','00:01:00','12:00:00','Kashmir','Luxury'),(326,'John Haley','00:01:00','12:00:00','Gandhi Nagar','Sedan'),(327,'Andre Sansotta','00:01:00','12:00:00','Banglore','Sedan'),(328,'William Rehling','00:01:00','12:00:00','Kolkata','SUV'),(329,'Richard Papadopoulos','00:01:00','12:00:00','Chandigarh','Sedan'),(330,'Shawn Weaver','00:01:00','12:00:00','Dhanbad','Sedan'),(331,'Malcolm Huang','00:01:00','12:00:00','Delhi','SUV'),(332,'Jerome Miller','00:01:00','12:00:00','Gandhi Nagar','Sedan'),(333,'Albert Born','00:01:00','12:00:00','Indore','Luxury'),(334,'Thomas Masseria','00:01:00','12:00:00','Banglore','Sedan'),(335,'Barry Keller','00:01:00','12:00:00','Mandi','Luxury'),(336,'Mac Dona','00:01:00','12:00:00','Hyderabad','SUV'),(337,'Walter Parker','00:01:00','12:00:00','Mandi','Mini'),(338,'Ronald Gill','00:01:00','12:00:00','Bhopal','SUV'),(339,'Paul Baldwin','00:01:00','12:00:00','Bhopal','Mini'),(340,'Richard Turnbull','00:01:00','12:00:00','Delhi','Sedan'),(341,'Joe Oldenkamp','00:01:00','12:00:00','Kolkata','Luxury'),(342,'Franklin Oyler','00:01:00','12:00:00','Raipur','Luxury'),(343,'Steven Mathies','00:01:00','12:00:00','Hyderabad','Luxury'),(344,'George Anderson','00:01:00','12:00:00','Kashmir','Sedan'),(345,'Ronald Rushing','00:01:00','12:00:00','Kolkata','Luxury'),(346,'Justin Gray','00:01:00','12:00:00','Mandi','Mini'),(347,'Rigoberto Darrin','00:01:00','12:00:00','Pune','Luxury'),(348,'Frank Younglas','00:01:00','12:00:00','Kolkata','Luxury'),(349,'Michael Terman','00:01:00','12:00:00','Kolkata','Sedan'),(350,'Harry Hopkins','00:01:00','12:00:00','Hyderabad','Sedan'),(351,'John Ball','00:01:00','12:00:00','Mumbai','Luxury'),(352,'James Demoss','00:01:00','12:00:00','Bhopal','Sedan'),(353,'Robert Dunham','00:01:00','12:00:00','Dhanbad','SUV'),(354,'John Lowe','00:01:00','12:00:00','Banglore','Sedan'),(355,'Charles Harris','00:01:00','12:00:00','Mandi','Luxury'),(356,'Michael Campbell','00:01:00','12:00:00','Dhanbad','Mini'),(357,'Rudolph Dickerson','00:01:00','12:00:00','Gandhi Nagar','Mini'),(358,'Renato Kelly','00:01:00','12:00:00','Kolkata','SUV'),(359,'Justin Dahl','00:01:00','12:00:00','Banglore','Sedan'),(360,'Ted Suiter','00:01:00','12:00:00','Indore','SUV'),(361,'Randal Hill','00:01:00','12:00:00','Bhopal','Sedan'),(362,'Eduardo Lucas','00:01:00','12:00:00','Banglore','SUV'),(363,'Stanley Lobue','00:01:00','12:00:00','Kolkata','Sedan'),(364,'John Spencer','00:01:00','12:00:00','Banglore','Sedan'),(365,'Alan Casale','00:01:00','12:00:00','Delhi','Luxury'),(366,'Donald King','00:01:00','12:00:00','Indore','Luxury'),(367,'Henry Odonnell','00:01:00','12:00:00','Banglore','Sedan'),(368,'George Patterson','00:01:00','12:00:00','Raipur','Mini'),(369,'Aaron Caton','00:01:00','12:00:00','Raipur','SUV'),(370,'James Atkinson','00:01:00','12:00:00','Chennai','Mini'),(371,'Austin Boles','00:01:00','12:00:00','Kashmir','SUV'),(372,'Wilbert Napier','00:01:00','12:00:00','Chandigarh','Sedan'),(373,'Jose Hiemstra','00:01:00','12:00:00','Chandigarh','Mini'),(374,'Charles Goggin','00:01:00','12:00:00','Hyderabad','Mini'),(375,'David Greene','00:01:00','12:00:00','Delhi','SUV'),(376,'Nathan Medina','00:01:00','12:00:00','Chennai','Sedan'),(377,'James Dupre','00:01:00','12:00:00','Pune','SUV'),(378,'Billie West','00:01:00','12:00:00','Dhanbad','Sedan'),(379,'James Poole','00:01:00','12:00:00','Delhi','Mini'),(380,'Clayton Owen','00:01:00','12:00:00','Chandigarh','SUV'),(381,'Kevin Whaley','00:01:00','12:00:00','Banglore','Luxury'),(382,'Cory Larson','00:01:00','12:00:00','Chennai','SUV'),(383,'Billy Jones','00:01:00','12:00:00','Bhopal','SUV'),(384,'Scott Akers','00:01:00','12:00:00','Pune','SUV'),(385,'Bruce Binder','00:01:00','12:00:00','Chandigarh','Sedan'),(386,'Harold Randall','00:01:00','12:00:00','Banglore','Luxury'),(387,'Robert Weems','00:01:00','12:00:00','Gandhi Nagar','Sedan'),(388,'Thomas Blair','00:01:00','12:00:00','Chandigarh','SUV'),(389,'Andrew Grace','00:01:00','12:00:00','Banglore','Luxury'),(390,'James Allison','00:01:00','12:00:00','Banglore','Mini'),(391,'Fernando Turcotte','00:01:00','12:00:00','Mandi','Mini'),(392,'Jimmy Lewis','00:01:00','12:00:00','Delhi','SUV'),(393,'Juan Casali','00:01:00','12:00:00','Banglore','SUV'),(394,'Gerald Mcclean','00:01:00','12:00:00','Indore','Mini'),(395,'Michael Tarr','00:01:00','12:00:00','Kolkata','Sedan'),(396,'Timothy Kelleher','00:01:00','12:00:00','Dhanbad','SUV'),(397,'Albert Stone','00:01:00','12:00:00','Bhopal','SUV'),(398,'Todd Leger','00:01:00','12:00:00','Kolkata','Mini'),(399,'Jose Griffin','00:01:00','12:00:00','Hyderabad','Sedan'),(400,'Kyle Vance','00:01:00','12:00:00','Kolkata','Luxury'),(401,'Austin Couch','00:01:00','12:00:00','Hyderabad','Luxury'),(402,'Steven Lay','00:01:00','12:00:00','Kolkata','Sedan'),(403,'David Child','00:01:00','12:00:00','Raipur','Luxury'),(404,'Keith Martin','00:01:00','12:00:00','Gandhi Nagar','Mini'),(405,'James Dobransky','00:01:00','12:00:00','Chennai','Luxury'),(406,'Timothy Desoto','00:01:00','12:00:00','Bhopal','Mini'),(407,'Raymond Fess','00:01:00','12:00:00','Mandi','Mini'),(408,'Walter Srour','00:01:00','12:00:00','Kolkata','Sedan'),(409,'George Ogden','00:01:00','12:00:00','Raipur','Sedan'),(410,'Donny Roberts','00:01:00','12:00:00','Dhanbad','Mini'),(411,'Paul Rustrian','00:01:00','12:00:00','Mandi','Mini'),(412,'Jerrod Stroud','00:01:00','12:00:00','Chennai','Mini'),(413,'Robert Tye','00:01:00','12:00:00','Gandhi Nagar','Luxury'),(414,'Melvin Mclaughlin','00:01:00','12:00:00','Bhopal','Luxury'),(415,'Tod Alvarado','00:01:00','12:00:00','Delhi','Sedan'),(416,'Harold Hensley','00:01:00','12:00:00','Chennai','Sedan'),(417,'Gregorio Bork','00:01:00','12:00:00','Mandi','Sedan'),(418,'John Alexander','00:01:00','12:00:00','Bhopal','Sedan'),(419,'Carmen Silva','00:01:00','12:00:00','Mandi','Sedan'),(420,'Jon Garcia','00:01:00','12:00:00','Chennai','Sedan'),(421,'James Route','00:01:00','12:00:00','Raipur','Luxury'),(422,'Matthew Weiss','00:01:00','12:00:00','Delhi','Luxury'),(423,'Leonard Ward','00:01:00','12:00:00','Bhopal','SUV'),(424,'Shaun Newton','00:01:00','12:00:00','Chennai','Sedan'),(425,'James Devalle','00:01:00','12:00:00','Indore','Luxury'),(426,'Richard Mcdermott','00:01:00','12:00:00','Indore','SUV'),(427,'Gregory Yedinak','00:01:00','12:00:00','Raipur','Luxury'),(428,'Steven Ackerman','00:01:00','12:00:00','Mandi','Mini'),(429,'Victor Milton','00:01:00','12:00:00','Bhopal','Luxury'),(430,'Joseph Perry','00:01:00','12:00:00','Banglore','Sedan'),(431,'Bryan Seely','00:01:00','12:00:00','Chandigarh','Mini'),(432,'George Fortin','00:01:00','12:00:00','Chandigarh','Luxury'),(433,'William Winslow','00:01:00','12:00:00','Pune','Luxury'),(434,'Gordon Walker','00:01:00','12:00:00','Banglore','Sedan'),(435,'Eric Shreve','00:01:00','12:00:00','Kashmir','SUV'),(436,'Peter Cole','00:01:00','12:00:00','Pune','Sedan'),(437,'Lee Davis','00:01:00','12:00:00','Delhi','Sedan'),(438,'Rodney Digennaro','00:01:00','12:00:00','Bhopal','SUV'),(439,'Amado Lillpop','00:01:00','12:00:00','Hyderabad','Luxury'),(440,'James Starnes','00:01:00','12:00:00','Kashmir','SUV'),(441,'Newton Leonard','00:01:00','12:00:00','Mandi','Luxury'),(442,'Neil Potter','00:01:00','12:00:00','Bhopal','Luxury'),(443,'Mark Geathers','00:01:00','12:00:00','Kashmir','Sedan'),(444,'Harry Montpas','00:01:00','12:00:00','Bhopal','Sedan'),(445,'Floyd Sherman','00:01:00','12:00:00','Gandhi Nagar','Sedan'),(446,'Earl Doria','00:01:00','12:00:00','Dhanbad','SUV'),(447,'Norman Kitchens','00:01:00','12:00:00','Mumbai','Luxury'),(448,'Marvin Brinegar','00:01:00','12:00:00','Kolkata','SUV'),(449,'Kris Ewalt','00:01:00','12:00:00','Raipur','Mini'),(450,'Beau Carpenter','00:01:00','12:00:00','Chandigarh','Mini'),(451,'George Krueger','00:01:00','12:00:00','Banglore','Sedan'),(452,'Gordon Monroy','00:01:00','12:00:00','Banglore','Luxury'),(453,'Justin Willis','00:01:00','12:00:00','Banglore','SUV'),(454,'Chad Peck','00:01:00','12:00:00','Indore','Luxury'),(455,'Larry Johnson','00:01:00','12:00:00','Mandi','Sedan'),(456,'Brain Calle','00:01:00','12:00:00','Hyderabad','SUV'),(457,'Chad Haas','00:01:00','12:00:00','Chennai','Mini'),(458,'Mitchell Givens','00:01:00','12:00:00','Raipur','Luxury'),(459,'Paul Borrow','00:01:00','12:00:00','Delhi','Sedan'),(460,'Lawrence Kelly','00:01:00','12:00:00','Bhopal','Sedan'),(461,'Roger Rice','00:01:00','12:00:00','Raipur','Mini'),(462,'Chris Miller','00:01:00','12:00:00','Hyderabad','Sedan'),(463,'Gary Pedigo','00:01:00','12:00:00','Mumbai','Sedan'),(464,'Thomas Duncan','00:01:00','12:00:00','Bhopal','Luxury'),(465,'Corey Riley','00:01:00','12:00:00','Dhanbad','Mini'),(466,'Nicholas Gay','00:01:00','12:00:00','Bhopal','Sedan'),(467,'Keith Carlson','00:01:00','12:00:00','Banglore','Mini'),(468,'Daniel Adams','00:01:00','12:00:00','Chandigarh','Mini'),(469,'Richard Carney','00:01:00','12:00:00','Mumbai','Mini'),(470,'Jose Durham','00:01:00','12:00:00','Indore','Mini'),(471,'Charles Law','00:01:00','12:00:00','Mandi','SUV'),(472,'Raymond Lopez','00:01:00','12:00:00','Chennai','Luxury'),(473,'Frank Martinez','00:01:00','12:00:00','Banglore','Sedan'),(474,'Lloyd Martine','00:01:00','12:00:00','Chennai','Sedan'),(475,'Lee Gomez','00:01:00','12:00:00','Pune','Sedan'),(476,'Peter Hayes','00:01:00','12:00:00','Hyderabad','Mini'),(477,'Manuel Peeples','00:01:00','12:00:00','Bhopal','SUV'),(478,'John Hough','00:01:00','12:00:00','Mandi','Sedan'),(479,'John Ratcliff','00:01:00','12:00:00','Dhanbad','Sedan'),(480,'Terry Wakefield','00:01:00','12:00:00','Mandi','SUV'),(481,'John Kinney','00:01:00','12:00:00','Gandhi Nagar','Sedan'),(482,'James Kumar','00:01:00','12:00:00','Kashmir','Mini'),(483,'Ricardo Simon','00:01:00','12:00:00','Dhanbad','Mini'),(484,'Carl Holmes','00:01:00','12:00:00','Kashmir','Mini'),(485,'Timothy Vankeuren','00:01:00','12:00:00','Banglore','Luxury'),(486,'Robin Weaver','00:01:00','12:00:00','Dhanbad','Mini'),(487,'Jonathan Rooks','00:01:00','12:00:00','Chennai','SUV'),(488,'Curtis Rollinger','00:01:00','12:00:00','Bhopal','Luxury'),(489,'Robert Frohman','00:01:00','12:00:00','Delhi','Luxury'),(490,'Charles Chavarria','00:01:00','12:00:00','Delhi','Mini'),(491,'Chad Benson','00:01:00','12:00:00','Bhopal','Sedan'),(492,'Paul Leveille','00:01:00','12:00:00','Chandigarh','SUV'),(493,'Alexander Lee','00:01:00','12:00:00','Chandigarh','Luxury'),(494,'Ernest Chaffins','00:01:00','12:00:00','Pune','Mini'),(495,'Giovanni Lucas','00:01:00','12:00:00','Banglore','Sedan'),(496,'Andrew Caballero','00:01:00','12:00:00','Kashmir','Mini'),(497,'Armando Ward','00:01:00','12:00:00','Hyderabad','Mini'),(498,'Carl Cooke','00:01:00','12:00:00','Dhanbad','Luxury'),(499,'Daniel Barbour','00:01:00','12:00:00','Dhanbad','Mini'),(500,'Albert Prok','00:01:00','12:00:00','Hyderabad','Sedan'),(501,'Luis Cordero','12:01:00','23:59:00','Gandhi Nagar','Sedan'),(502,'Robert Harkins','12:01:00','23:59:00','Bhopal','Mini'),(503,'Jeffrey Robinette','12:01:00','23:59:00','Chandigarh','Luxury'),(504,'Reginald Heaney','12:01:00','23:59:00','Gandhi Nagar','Mini'),(505,'Robert Forgey','12:01:00','23:59:00','Chandigarh','Mini'),(506,'Carlos Serrano','12:01:00','23:59:00','Dhanbad','Sedan'),(507,'Dustin Cobb','12:01:00','23:59:00','Mandi','Sedan'),(508,'Larry Plemmons','12:01:00','23:59:00','Kolkata','SUV'),(509,'Alonzo Carter','12:01:00','23:59:00','Delhi','Luxury'),(510,'Kyle Malinowski','12:01:00','23:59:00','Chennai','Luxury'),(511,'Curtis Zamarripa','12:01:00','23:59:00','Hyderabad','Sedan'),(512,'Christopher Floyd','12:01:00','23:59:00','Indore','Mini'),(513,'John Kwok','12:01:00','23:59:00','Bhopal','Sedan'),(514,'Gerald Mckinney','12:01:00','23:59:00','Chennai','Sedan'),(515,'Howard Sparkman','12:01:00','23:59:00','Dhanbad','Mini'),(516,'Michael Swick','12:01:00','23:59:00','Kolkata','SUV'),(517,'Blake Parker','12:01:00','23:59:00','Delhi','Luxury'),(518,'Larry Young','12:01:00','23:59:00','Kolkata','Sedan'),(519,'Robert Kun','12:01:00','23:59:00','Kolkata','Sedan'),(520,'Richard Dean','12:01:00','23:59:00','Bhopal','Luxury'),(521,'Jeffery Caldwell','12:01:00','23:59:00','Chennai','Luxury'),(522,'Derrick Glander','12:01:00','23:59:00','Mumbai','Luxury'),(523,'Quinn Shipman','12:01:00','23:59:00','Chennai','Luxury'),(524,'John Tribble','12:01:00','23:59:00','Hyderabad','Sedan'),(525,'George Wagner','12:01:00','23:59:00','Gandhi Nagar','Mini'),(526,'Gregory Mejia','12:01:00','23:59:00','Banglore','SUV'),(527,'George Grissett','12:01:00','23:59:00','Dhanbad','Sedan'),(528,'Scott Dickerson','12:01:00','23:59:00','Chennai','Sedan'),(529,'Melvin Tisby','12:01:00','23:59:00','Delhi','Luxury'),(530,'Robert Lehmann','12:01:00','23:59:00','Banglore','Mini'),(531,'Willard Neal','12:01:00','23:59:00','Delhi','Mini'),(532,'Richard Warner','12:01:00','23:59:00','Dhanbad','Mini'),(533,'Joel Yamazaki','12:01:00','23:59:00','Gandhi Nagar','SUV'),(534,'Omar Donahoe','12:01:00','23:59:00','Bhopal','Mini'),(535,'Robert Kelly','12:01:00','23:59:00','Dhanbad','Luxury'),(536,'Frederick Perry','12:01:00','23:59:00','Kashmir','SUV'),(537,'William Walters','12:01:00','23:59:00','Kolkata','Sedan'),(538,'Russell Sangster','12:01:00','23:59:00','Bhopal','SUV'),(539,'Thomas White','12:01:00','23:59:00','Raipur','Sedan'),(540,'Michael Mullan','12:01:00','23:59:00','Hyderabad','Mini'),(541,'Joshua Ayala','12:01:00','23:59:00','Banglore','Sedan'),(542,'Thad Peterson','12:01:00','23:59:00','Chandigarh','Luxury'),(543,'Eugene Tamura','12:01:00','23:59:00','Dhanbad','Sedan'),(544,'Richard Vincent','12:01:00','23:59:00','Gandhi Nagar','Luxury'),(545,'Christopher Gregory','12:01:00','23:59:00','Gandhi Nagar','Sedan'),(546,'Greg Buffum','12:01:00','23:59:00','Delhi','Luxury'),(547,'Terry Metivier','12:01:00','23:59:00','Bhopal','Sedan'),(548,'Robert Page','12:01:00','23:59:00','Chennai','Sedan'),(549,'Robert Lourentzos','12:01:00','23:59:00','Chennai','SUV'),(550,'Pete Orr','12:01:00','23:59:00','Kashmir','Sedan'),(551,'Bill Wiemer','12:01:00','23:59:00','Mandi','Sedan'),(552,'Wyatt Feucht','12:01:00','23:59:00','Kashmir','Sedan'),(553,'George Goodnight','12:01:00','23:59:00','Chandigarh','Mini'),(554,'Thomas Watson','12:01:00','23:59:00','Hyderabad','SUV'),(555,'Gregory Nichols','12:01:00','23:59:00','Banglore','Mini'),(556,'Adam Hardy','12:01:00','23:59:00','Chennai','SUV'),(557,'James Arnold','12:01:00','23:59:00','Bhopal','Luxury'),(558,'Chad Schuller','12:01:00','23:59:00','Chandigarh','Luxury'),(559,'James Sammarco','12:01:00','23:59:00','Mumbai','Luxury'),(560,'George Kalish','12:01:00','23:59:00','Mumbai','SUV'),(561,'Spencer York','12:01:00','23:59:00','Indore','SUV'),(562,'James Moyer','12:01:00','23:59:00','Delhi','Sedan'),(563,'Aaron Wilson','12:01:00','23:59:00','Kashmir','Sedan'),(564,'Fred Yankey','12:01:00','23:59:00','Raipur','Mini'),(565,'Richard Affolter','12:01:00','23:59:00','Kashmir','Mini'),(566,'Danny Warner','12:01:00','23:59:00','Bhopal','Mini'),(567,'Bill Robinson','12:01:00','23:59:00','Chandigarh','SUV'),(568,'John Lowe','12:01:00','23:59:00','Gandhi Nagar','Luxury'),(569,'Hector Spiller','12:01:00','23:59:00','Pune','Sedan'),(570,'Kenneth Sisson','12:01:00','23:59:00','Kolkata','SUV'),(571,'Michel Malizia','12:01:00','23:59:00','Chandigarh','Mini'),(572,'James Schontz','12:01:00','23:59:00','Dhanbad','SUV'),(573,'Dominic Fly','12:01:00','23:59:00','Pune','Luxury'),(574,'Ross Losey','12:01:00','23:59:00','Gandhi Nagar','Luxury'),(575,'Thomas Brown','12:01:00','23:59:00','Mandi','SUV'),(576,'Doyle Vinson','12:01:00','23:59:00','Hyderabad','SUV'),(577,'Fred Horn','12:01:00','23:59:00','Raipur','Mini'),(578,'Jay Breedlove','12:01:00','23:59:00','Kolkata','Mini'),(579,'Michael Conerly','12:01:00','23:59:00','Delhi','Luxury'),(580,'Michael Barnette','12:01:00','23:59:00','Chennai','SUV'),(581,'William Alvarez','12:01:00','23:59:00','Indore','Luxury'),(582,'James Mcalpin','12:01:00','23:59:00','Hyderabad','SUV'),(583,'Vincent Robinett','12:01:00','23:59:00','Kolkata','Luxury'),(584,'Alex Garcia','12:01:00','23:59:00','Banglore','Luxury'),(585,'Michael Carlson','12:01:00','23:59:00','Chandigarh','Luxury'),(586,'Nickolas Turco','12:01:00','23:59:00','Chandigarh','Mini'),(587,'Carroll Lamb','12:01:00','23:59:00','Mandi','Luxury'),(588,'Michael Chow','12:01:00','23:59:00','Gandhi Nagar','Sedan'),(589,'David Crosby','12:01:00','23:59:00','Kolkata','Sedan'),(590,'Jack Leal','12:01:00','23:59:00','Mumbai','Sedan'),(591,'Harvey George','12:01:00','23:59:00','Raipur','Sedan'),(592,'Stacy Mellott','12:01:00','23:59:00','Chandigarh','Mini'),(593,'Trenton Durham','12:01:00','23:59:00','Indore','SUV'),(594,'Vern Peterson','12:01:00','23:59:00','Kolkata','SUV'),(595,'William Juarez','12:01:00','23:59:00','Hyderabad','Mini'),(596,'Barney Osborne','12:01:00','23:59:00','Kashmir','SUV'),(597,'Thomas Jackson','12:01:00','23:59:00','Kolkata','Sedan'),(598,'Anthony Pellegrino','12:01:00','23:59:00','Chandigarh','Sedan'),(599,'Timothy Spann','12:01:00','23:59:00','Mandi','SUV'),(600,'Kenneth Evans','12:01:00','23:59:00','Chandigarh','Sedan'),(601,'Rocky Winkelman','12:01:00','23:59:00','Bhopal','SUV'),(602,'Gus Wolfe','12:01:00','23:59:00','Delhi','Sedan'),(603,'Keith Johnson','12:01:00','23:59:00','Dhanbad','Mini'),(604,'Charles Carmean','12:01:00','23:59:00','Mandi','Mini'),(605,'Greg March','12:01:00','23:59:00','Mandi','SUV'),(606,'James Harkness','12:01:00','23:59:00','Delhi','SUV'),(607,'William Gautam','12:01:00','23:59:00','Mumbai','SUV'),(608,'Michael Cottle','12:01:00','23:59:00','Bhopal','SUV'),(609,'James Woodward','12:01:00','23:59:00','Chennai','Luxury'),(610,'Dean Berryhill','12:01:00','23:59:00','Pune','Sedan'),(611,'Thomas Worsham','12:01:00','23:59:00','Indore','Mini'),(612,'George Tejeda','12:01:00','23:59:00','Mandi','Luxury'),(613,'Micheal Bartell','12:01:00','23:59:00','Raipur','Luxury'),(614,'Troy Carrigan','12:01:00','23:59:00','Delhi','Sedan'),(615,'Alex Harrigan','12:01:00','23:59:00','Chandigarh','SUV'),(616,'Stephen Wallin','12:01:00','23:59:00','Chandigarh','Sedan'),(617,'Eric Dinsmoor','12:01:00','23:59:00','Banglore','Luxury'),(618,'Danny Alvarez','12:01:00','23:59:00','Mumbai','SUV'),(619,'Valentin Gerdes','12:01:00','23:59:00','Mandi','SUV'),(620,'Jeffrey Cookman','12:01:00','23:59:00','Hyderabad','SUV'),(621,'Jason Roach','12:01:00','23:59:00','Raipur','SUV'),(622,'Arthur Tatro','12:01:00','23:59:00','Dhanbad','Mini'),(623,'James Sims','12:01:00','23:59:00','Kolkata','Mini'),(624,'Alexander Wittels','12:01:00','23:59:00','Chandigarh','SUV'),(625,'Lamont Lane','12:01:00','23:59:00','Banglore','Luxury'),(626,'John Reed','12:01:00','23:59:00','Kolkata','Luxury'),(627,'Warren Yost','12:01:00','23:59:00','Hyderabad','Sedan'),(628,'Robert Demetro','12:01:00','23:59:00','Raipur','Luxury'),(629,'Al Browning','12:01:00','23:59:00','Pune','SUV'),(630,'Mario Noel','12:01:00','23:59:00','Indore','Luxury'),(631,'Harry Mullen','12:01:00','23:59:00','Kashmir','SUV'),(632,'Paul Jackson','12:01:00','23:59:00','Bhopal','SUV'),(633,'Henry Bergstrom','12:01:00','23:59:00','Mandi','Mini'),(634,'Kendrick Vida','12:01:00','23:59:00','Hyderabad','SUV'),(635,'Kendall Baugh','12:01:00','23:59:00','Pune','Sedan'),(636,'Larry Morin','12:01:00','23:59:00','Gandhi Nagar','Mini'),(637,'David Jones','12:01:00','23:59:00','Delhi','Mini'),(638,'Rolland Beck','12:01:00','23:59:00','Hyderabad','Sedan'),(639,'William Faulkner','12:01:00','23:59:00','Dhanbad','Mini'),(640,'Charles Tracy','12:01:00','23:59:00','Dhanbad','SUV'),(641,'Edward Carpenter','12:01:00','23:59:00','Bhopal','SUV'),(642,'Gary Lyell','12:01:00','23:59:00','Kolkata','SUV'),(643,'Lowell Wright','12:01:00','23:59:00','Pune','Luxury'),(644,'Michael Giordano','12:01:00','23:59:00','Hyderabad','SUV'),(645,'Daniel Marty','12:01:00','23:59:00','Pune','Sedan'),(646,'Jeffrey Powers','12:01:00','23:59:00','Hyderabad','Luxury'),(647,'Gerard Monfort','12:01:00','23:59:00','Mandi','Sedan'),(648,'Marcus Manders','12:01:00','23:59:00','Mumbai','SUV'),(649,'Russell Allen','12:01:00','23:59:00','Dhanbad','Luxury'),(650,'Robert Heichel','12:01:00','23:59:00','Mandi','Luxury'),(651,'Kenneth Feldman','12:01:00','23:59:00','Raipur','Luxury'),(652,'Jeremy Wilson','12:01:00','23:59:00','Delhi','Sedan'),(653,'Howard Higgenbotham','12:01:00','23:59:00','Delhi','SUV'),(654,'Paul Whitlock','12:01:00','23:59:00','Delhi','Mini'),(655,'Carl Antonio','12:01:00','23:59:00','Raipur','Sedan'),(656,'Kyle Flores','12:01:00','23:59:00','Mumbai','Mini'),(657,'Brian Denyes','12:01:00','23:59:00','Pune','Sedan'),(658,'Rudy Young','12:01:00','23:59:00','Mandi','Sedan'),(659,'Jimmie Lopes','12:01:00','23:59:00','Indore','SUV'),(660,'Robert Branch','12:01:00','23:59:00','Dhanbad','SUV'),(661,'David Bergan','12:01:00','23:59:00','Delhi','SUV'),(662,'Edwin Aranda','12:01:00','23:59:00','Chennai','Mini'),(663,'Duane Ruder','12:01:00','23:59:00','Mumbai','Luxury'),(664,'Stanley Imfeld','12:01:00','23:59:00','Kashmir','Mini'),(665,'Delbert West','12:01:00','23:59:00','Pune','Luxury'),(666,'Jeffry Ascolese','12:01:00','23:59:00','Dhanbad','Sedan'),(667,'Mike Davis','12:01:00','23:59:00','Pune','Sedan'),(668,'Jimmy Teano','12:01:00','23:59:00','Indore','Luxury'),(669,'Richard Hogan','12:01:00','23:59:00','Pune','Mini'),(670,'Arthur Miller','12:01:00','23:59:00','Mumbai','Luxury'),(671,'Homer Thomas','12:01:00','23:59:00','Delhi','Mini'),(672,'David Thompson','12:01:00','23:59:00','Mandi','Luxury'),(673,'Robert Coleman','12:01:00','23:59:00','Chandigarh','Sedan'),(674,'Michael Miller','12:01:00','23:59:00','Gandhi Nagar','Luxury'),(675,'James Beecher','12:01:00','23:59:00','Kolkata','SUV'),(676,'Blake Halstead','12:01:00','23:59:00','Kashmir','Sedan'),(677,'Lavern Garrison','12:01:00','23:59:00','Pune','Luxury'),(678,'Alfred Worley','12:01:00','23:59:00','Indore','Luxury'),(679,'Chad Age','12:01:00','23:59:00','Mandi','Sedan'),(680,'John Carrales','12:01:00','23:59:00','Mumbai','Sedan'),(681,'Curtis Herbert','12:01:00','23:59:00','Banglore','Mini'),(682,'Eric Wilson','12:01:00','23:59:00','Raipur','SUV'),(683,'Herbert Buckmaster','12:01:00','23:59:00','Chandigarh','SUV'),(684,'David Graham','12:01:00','23:59:00','Pune','Mini'),(685,'Olin Fassett','12:01:00','23:59:00','Indore','Sedan'),(686,'William Mitchell','12:01:00','23:59:00','Banglore','Mini'),(687,'Gregory Watts','12:01:00','23:59:00','Raipur','SUV'),(688,'David Scheer','12:01:00','23:59:00','Kashmir','Sedan'),(689,'Jeremy Simons','12:01:00','23:59:00','Dhanbad','Luxury'),(690,'James New','12:01:00','23:59:00','Chennai','Sedan'),(691,'Roger Neiman','12:01:00','23:59:00','Hyderabad','Mini'),(692,'Aaron Munter','12:01:00','23:59:00','Indore','SUV'),(693,'Keith Thornberg','12:01:00','23:59:00','Gandhi Nagar','Sedan'),(694,'Nicholas Stamps','12:01:00','23:59:00','Chennai','SUV'),(695,'Timothy Park','12:01:00','23:59:00','Mumbai','Luxury'),(696,'John Stoner','12:01:00','23:59:00','Mandi','SUV'),(697,'Clement Brummer','12:01:00','23:59:00','Hyderabad','Sedan'),(698,'Emanuel Jones','12:01:00','23:59:00','Mumbai','Mini'),(699,'Robert Handy','12:01:00','23:59:00','Dhanbad','SUV'),(700,'Jay Barrett','12:01:00','23:59:00','Gandhi Nagar','Luxury'),(701,'Scott Potter','12:01:00','23:59:00','Kashmir','Mini'),(702,'John Kleinschmidt','12:01:00','23:59:00','Mumbai','Luxury'),(703,'Stanley Collins','12:01:00','23:59:00','Chennai','Mini'),(704,'Richard Gearhart','12:01:00','23:59:00','Chennai','SUV'),(705,'Maurice Toombs','12:01:00','23:59:00','Chennai','SUV'),(706,'Jay Vega','12:01:00','23:59:00','Indore','SUV'),(707,'Christopher Bailey','12:01:00','23:59:00','Gandhi Nagar','Mini'),(708,'Robert Standley','12:01:00','23:59:00','Delhi','Sedan'),(709,'Richard Zook','12:01:00','23:59:00','Hyderabad','SUV'),(710,'Ralph King','12:01:00','23:59:00','Pune','Mini'),(711,'Andrew Chavez','12:01:00','23:59:00','Chandigarh','Sedan'),(712,'Michael Bradt','12:01:00','23:59:00','Pune','SUV'),(713,'Paul Sunderland','12:01:00','23:59:00','Delhi','SUV'),(714,'Mark Nolan','12:01:00','23:59:00','Chennai','Mini'),(715,'Christopher Hogan','12:01:00','23:59:00','Pune','SUV'),(716,'Ervin Baggett','12:01:00','23:59:00','Pune','SUV'),(717,'Robert Jara','12:01:00','23:59:00','Gandhi Nagar','Mini'),(718,'Kurtis Smith','12:01:00','23:59:00','Banglore','Luxury'),(719,'Charles Michelsen','12:01:00','23:59:00','Gandhi Nagar','Mini'),(720,'Kelly Maples','12:01:00','23:59:00','Chandigarh','SUV'),(721,'James Ferguson','12:01:00','23:59:00','Mandi','Luxury'),(722,'David Goodman','12:01:00','23:59:00','Kashmir','SUV'),(723,'Lawrence Harris','12:01:00','23:59:00','Dhanbad','Mini'),(724,'Johnny Miller','12:01:00','23:59:00','Pune','Sedan'),(725,'William Ballard','12:01:00','23:59:00','Kolkata','Luxury'),(726,'James Bracamonte','12:01:00','23:59:00','Dhanbad','SUV'),(727,'Anthony Lopez','12:01:00','23:59:00','Raipur','SUV'),(728,'Bruce Corbisiero','12:01:00','23:59:00','Bhopal','Luxury'),(729,'Juan Johnston','12:01:00','23:59:00','Delhi','Sedan'),(730,'Jason Anderson','12:01:00','23:59:00','Bhopal','SUV'),(731,'Andrew Davis','12:01:00','23:59:00','Mandi','SUV'),(732,'Ricky Rosenberg','12:01:00','23:59:00','Chandigarh','Luxury'),(733,'Travis Joy','12:01:00','23:59:00','Dhanbad','Luxury'),(734,'Travis Trujillo','12:01:00','23:59:00','Chandigarh','Sedan'),(735,'Winford Fishman','12:01:00','23:59:00','Mandi','Mini'),(736,'Gary Shetlar','12:01:00','23:59:00','Gandhi Nagar','Mini'),(737,'Walter Coats','12:01:00','23:59:00','Chennai','Luxury'),(738,'James Lane','12:01:00','23:59:00','Kashmir','SUV'),(739,'Andrew Coleman','12:01:00','23:59:00','Mumbai','Mini'),(740,'Charles Gray','12:01:00','23:59:00','Raipur','Luxury'),(741,'Daniel Forman','12:01:00','23:59:00','Kashmir','SUV'),(742,'George Lee','12:01:00','23:59:00','Mumbai','Sedan'),(743,'Stephen Bergmann','12:01:00','23:59:00','Banglore','Sedan'),(744,'Terry Adler','12:01:00','23:59:00','Gandhi Nagar','Luxury'),(745,'Marvin Covington','12:01:00','23:59:00','Delhi','Sedan'),(746,'Henry Nelson','12:01:00','23:59:00','Raipur','Mini'),(747,'King Corum','12:01:00','23:59:00','Delhi','Mini'),(748,'Douglas Seymour','12:01:00','23:59:00','Gandhi Nagar','Mini'),(749,'Michael Brooks','12:01:00','23:59:00','Hyderabad','Sedan'),(750,'James Maha','12:01:00','23:59:00','Indore','Luxury'),(751,'Antonio Zaragoza','12:01:00','23:59:00','Kashmir','Luxury'),(752,'Robert Canez','12:01:00','23:59:00','Pune','Mini'),(753,'Travis Borchardt','12:01:00','23:59:00','Chandigarh','Sedan'),(754,'Nicholas Williams','12:01:00','23:59:00','Hyderabad','Mini'),(755,'Julio Wahl','12:01:00','23:59:00','Banglore','Mini'),(756,'Bryan Sterling','12:01:00','23:59:00','Hyderabad','Luxury'),(757,'Irving Botts','12:01:00','23:59:00','Raipur','SUV'),(758,'Bruce Coker','12:01:00','23:59:00','Kashmir','Sedan'),(759,'Herbert Moore','12:01:00','23:59:00','Chandigarh','Luxury'),(760,'Calvin Leblanc','12:01:00','23:59:00','Hyderabad','Mini'),(761,'Carlos Green','12:01:00','23:59:00','Kashmir','SUV'),(762,'Benjamin Whitson','12:01:00','23:59:00','Kolkata','Sedan'),(763,'Richard Persaud','12:01:00','23:59:00','Chennai','Mini'),(764,'Stephen Martinson','12:01:00','23:59:00','Mandi','Sedan'),(765,'Jeffrey Taylor','12:01:00','23:59:00','Mandi','SUV'),(766,'Steve Weaver','12:01:00','23:59:00','Bhopal','Sedan'),(767,'Eric Grabner','12:01:00','23:59:00','Raipur','Sedan'),(768,'Enrique Shook','12:01:00','23:59:00','Hyderabad','Luxury'),(769,'Ray Knutson','12:01:00','23:59:00','Gandhi Nagar','Luxury'),(770,'David Robinson','12:01:00','23:59:00','Hyderabad','SUV'),(771,'David Johnson','12:01:00','23:59:00','Delhi','Luxury'),(772,'Jorge Parker','12:01:00','23:59:00','Banglore','Luxury'),(773,'Harold Williams','12:01:00','23:59:00','Chandigarh','Luxury'),(774,'Guy Amos','12:01:00','23:59:00','Mandi','SUV'),(775,'Nelson Deal','12:01:00','23:59:00','Dhanbad','Mini'),(776,'Joseph Slevin','12:01:00','23:59:00','Bhopal','Luxury'),(777,'Ronnie Carder','12:01:00','23:59:00','Gandhi Nagar','Mini'),(778,'Stephen Ayon','12:01:00','23:59:00','Chennai','Sedan'),(779,'Arthur Barreras','12:01:00','23:59:00','Gandhi Nagar','SUV'),(780,'Wayne Schertz','12:01:00','23:59:00','Indore','SUV'),(781,'Mark Bartolini','12:01:00','23:59:00','Kashmir','Mini'),(782,'Clarence Barnett','12:01:00','23:59:00','Delhi','Mini'),(783,'Harry Adams','12:01:00','23:59:00','Dhanbad','Sedan'),(784,'Reid Mattson','12:01:00','23:59:00','Kashmir','Luxury'),(785,'Timothy Shea','12:01:00','23:59:00','Pune','Luxury'),(786,'Edward Mull','12:01:00','23:59:00','Mandi','SUV'),(787,'Richard Gomez','12:01:00','23:59:00','Banglore','SUV'),(788,'William Lynn','12:01:00','23:59:00','Banglore','Mini'),(789,'Dennis Mancias','12:01:00','23:59:00','Indore','Luxury'),(790,'Daniel Murphy','12:01:00','23:59:00','Bhopal','Sedan'),(791,'Richard Lerma','12:01:00','23:59:00','Mandi','Mini'),(792,'Chad Davis','12:01:00','23:59:00','Bhopal','Mini'),(793,'Luis Montoya','12:01:00','23:59:00','Chennai','SUV'),(794,'Philip Delton','12:01:00','23:59:00','Chennai','Mini'),(795,'William Webster','12:01:00','23:59:00','Chennai','Luxury'),(796,'Mariano Ward','12:01:00','23:59:00','Gandhi Nagar','Luxury'),(797,'Dominic Davis','12:01:00','23:59:00','Banglore','Luxury'),(798,'Troy Thomas','12:01:00','23:59:00','Dhanbad','Luxury'),(799,'Neil Griffin','12:01:00','23:59:00','Chennai','Sedan'),(800,'James Malkin','12:01:00','23:59:00','Bhopal','SUV'),(801,'Larry Custer','12:01:00','23:59:00','Delhi','Mini'),(802,'Thomas Fry','12:01:00','23:59:00','Mandi','Sedan'),(803,'Elwood Gillespie','12:01:00','23:59:00','Chennai','Mini'),(804,'Frank Gates','12:01:00','23:59:00','Chennai','Sedan'),(805,'Salvatore Archie','12:01:00','23:59:00','Chandigarh','Sedan'),(806,'Daniel Tolbert','12:01:00','23:59:00','Bhopal','Mini'),(807,'David Perry','12:01:00','23:59:00','Mumbai','Luxury'),(808,'Nicholas Carlin','12:01:00','23:59:00','Mandi','SUV'),(809,'Anthony Wall','12:01:00','23:59:00','Mandi','Mini'),(810,'Daniel Bueche','12:01:00','23:59:00','Dhanbad','SUV'),(811,'Eddie Myers','12:01:00','23:59:00','Delhi','Sedan'),(812,'James Williams','12:01:00','23:59:00','Mumbai','SUV'),(813,'John Mitchell','12:01:00','23:59:00','Chandigarh','Sedan'),(814,'Edward Fassett','12:01:00','23:59:00','Kolkata','Luxury'),(815,'Michael Cross','12:01:00','23:59:00','Pune','SUV'),(816,'Brian Harden','12:01:00','23:59:00','Chennai','Mini'),(817,'Chad Syrett','12:01:00','23:59:00','Gandhi Nagar','Mini'),(818,'Glenn Murdock','12:01:00','23:59:00','Hyderabad','Luxury'),(819,'Louis Wood','12:01:00','23:59:00','Chandigarh','Luxury'),(820,'David Kinsley','12:01:00','23:59:00','Kolkata','Luxury'),(821,'Michael Hilyard','12:01:00','23:59:00','Raipur','Luxury'),(822,'Glen Sloan','12:01:00','23:59:00','Indore','Sedan'),(823,'Garry Tong','12:01:00','23:59:00','Banglore','SUV'),(824,'Jerry Bodily','12:01:00','23:59:00','Mandi','Luxury'),(825,'John Grant','12:01:00','23:59:00','Dhanbad','Luxury'),(826,'Kirk Ortiz','12:01:00','23:59:00','Delhi','Luxury'),(827,'Raymond Austin','12:01:00','23:59:00','Dhanbad','SUV'),(828,'David Vines','12:01:00','23:59:00','Chennai','SUV'),(829,'Herbert Ward','12:01:00','23:59:00','Kolkata','Sedan'),(830,'Randall Pratt','12:01:00','23:59:00','Indore','Luxury'),(831,'Howard Burton','12:01:00','23:59:00','Kashmir','SUV'),(832,'Samuel Moorhead','12:01:00','23:59:00','Delhi','Mini'),(833,'Dan Smith','12:01:00','23:59:00','Kashmir','Luxury'),(834,'John Martin','12:01:00','23:59:00','Bhopal','Sedan'),(835,'Lemuel Gibson','12:01:00','23:59:00','Delhi','SUV'),(836,'Jon Harden','12:01:00','23:59:00','Chennai','SUV'),(837,'Efrain Spiller','12:01:00','23:59:00','Dhanbad','Mini'),(838,'Preston Kumro','12:01:00','23:59:00','Indore','Luxury'),(839,'Ricardo Hamilton','12:01:00','23:59:00','Hyderabad','SUV'),(840,'Craig Lawrence','12:01:00','23:59:00','Kolkata','Luxury'),(841,'Dennis Lyons','12:01:00','23:59:00','Raipur','Mini'),(842,'Craig Mcintire','12:01:00','23:59:00','Raipur','Mini'),(843,'David Marine','12:01:00','23:59:00','Chandigarh','Mini'),(844,'Brett Turner','12:01:00','23:59:00','Raipur','Mini'),(845,'William Bruce','12:01:00','23:59:00','Mandi','Luxury'),(846,'Carlos Proffitt','12:01:00','23:59:00','Mumbai','Luxury'),(847,'Ernest Murray','12:01:00','23:59:00','Indore','Mini'),(848,'Arturo Bearden','12:01:00','23:59:00','Hyderabad','SUV'),(849,'Michael Mathias','12:01:00','23:59:00','Raipur','Luxury'),(850,'Earl Pegram','12:01:00','23:59:00','Kolkata','SUV'),(851,'Gerald Davis','12:01:00','23:59:00','Mandi','SUV'),(852,'James Rivera','12:01:00','23:59:00','Raipur','SUV'),(853,'Michael Barnette','12:01:00','23:59:00','Gandhi Nagar','Sedan'),(854,'Joey Chastain','12:01:00','23:59:00','Dhanbad','SUV'),(855,'Eugene Green','12:01:00','23:59:00','Chennai','Luxury'),(856,'Willard Case','12:01:00','23:59:00','Hyderabad','Sedan'),(857,'James Millard','12:01:00','23:59:00','Kashmir','SUV'),(858,'Kenneth Robinson','12:01:00','23:59:00','Gandhi Nagar','Mini'),(859,'Thomas Garcia','12:01:00','23:59:00','Hyderabad','Sedan'),(860,'Sidney Principato','12:01:00','23:59:00','Banglore','Mini'),(861,'Kevin Jackson','12:01:00','23:59:00','Bhopal','Mini'),(862,'Garth Johnson','12:01:00','23:59:00','Pune','Mini'),(863,'Timothy Rathbun','12:01:00','23:59:00','Hyderabad','SUV'),(864,'Andre Farmer','12:01:00','23:59:00','Kashmir','SUV'),(865,'Francisco Maxon','12:01:00','23:59:00','Bhopal','SUV'),(866,'Daniel Fredrick','12:01:00','23:59:00','Delhi','Luxury'),(867,'Phillip Stuckett','12:01:00','23:59:00','Raipur','Sedan'),(868,'Timothy Waldbauer','12:01:00','23:59:00','Bhopal','Mini'),(869,'Joseph Mccarroll','12:01:00','23:59:00','Hyderabad','Mini'),(870,'Paul Richardson','12:01:00','23:59:00','Mandi','Luxury'),(871,'Ron Spradlin','12:01:00','23:59:00','Mumbai','SUV'),(872,'David Mody','12:01:00','23:59:00','Delhi','Sedan'),(873,'Donald Towler','12:01:00','23:59:00','Gandhi Nagar','Mini'),(874,'Ryan Hall','12:01:00','23:59:00','Mumbai','Mini'),(875,'Joe Bailey','12:01:00','23:59:00','Banglore','Sedan'),(876,'Robert King','12:01:00','23:59:00','Bhopal','SUV'),(877,'Charles Carter','12:01:00','23:59:00','Chandigarh','Mini'),(878,'Roy Cauthon','12:01:00','23:59:00','Hyderabad','Sedan'),(879,'Gary Tang','12:01:00','23:59:00','Kashmir','Luxury'),(880,'Timothy Demery','12:01:00','23:59:00','Hyderabad','Mini'),(881,'Leonard Lowry','12:01:00','23:59:00','Kashmir','Sedan'),(882,'Brian Doyel','12:01:00','23:59:00','Mandi','SUV'),(883,'Robert Larimore','12:01:00','23:59:00','Hyderabad','Luxury'),(884,'Ervin Walker','12:01:00','23:59:00','Indore','SUV'),(885,'Antonio Wood','12:01:00','23:59:00','Gandhi Nagar','SUV'),(886,'Andrew Gongora','12:01:00','23:59:00','Chandigarh','Luxury'),(887,'Frank Morris','12:01:00','23:59:00','Banglore','Mini'),(888,'Christopher Belinsky','12:01:00','23:59:00','Gandhi Nagar','Sedan'),(889,'Michael List','12:01:00','23:59:00','Mandi','SUV'),(890,'Melvin Adams','12:01:00','23:59:00','Banglore','Mini'),(891,'Sam Perkins','12:01:00','23:59:00','Banglore','Luxury'),(892,'Rex Gibson','12:01:00','23:59:00','Kolkata','Sedan'),(893,'Harry Taylor','12:01:00','23:59:00','Mumbai','SUV'),(894,'Kelly Milton','12:01:00','23:59:00','Bhopal','Sedan'),(895,'Arthur Rose','12:01:00','23:59:00','Mumbai','SUV'),(896,'Alfredo Smith','12:01:00','23:59:00','Dhanbad','SUV'),(897,'Troy Nance','12:01:00','23:59:00','Pune','SUV'),(898,'Eric Nava','12:01:00','23:59:00','Kashmir','Mini'),(899,'James Houser','12:01:00','23:59:00','Mandi','Luxury'),(900,'William Paro','12:01:00','23:59:00','Kashmir','Sedan'),(901,'Mark Smith','12:01:00','23:59:00','Delhi','Luxury'),(902,'Gerard Baker','12:01:00','23:59:00','Banglore','Luxury'),(903,'Victor Vanburen','12:01:00','23:59:00','Mandi','SUV'),(904,'Brian Bolton','12:01:00','23:59:00','Kashmir','Mini'),(905,'Marcos Woods','12:01:00','23:59:00','Chennai','SUV'),(906,'William Michaud','12:01:00','23:59:00','Raipur','Luxury'),(907,'Michael Mcnally','12:01:00','23:59:00','Chennai','SUV'),(908,'James Warren','12:01:00','23:59:00','Kashmir','Sedan'),(909,'Mark Mcnally','12:01:00','23:59:00','Chandigarh','Mini'),(910,'Bill Morgan','12:01:00','23:59:00','Indore','Luxury'),(911,'Richard Oakley','12:01:00','23:59:00','Chandigarh','Sedan'),(912,'James Kirn','12:01:00','23:59:00','Pune','Luxury'),(913,'Steve Rosa','12:01:00','23:59:00','Kashmir','SUV'),(914,'Eddie Buchanan','12:01:00','23:59:00','Kolkata','Luxury'),(915,'Edward Leppert','12:01:00','23:59:00','Pune','Sedan'),(916,'Frank Trilli','12:01:00','23:59:00','Chandigarh','Sedan'),(917,'Alan Galloway','12:01:00','23:59:00','Kashmir','SUV'),(918,'William Cooper','12:01:00','23:59:00','Pune','Sedan'),(919,'Joseph Thompson','12:01:00','23:59:00','Gandhi Nagar','Mini'),(920,'Kenneth Goins','12:01:00','23:59:00','Chandigarh','Mini'),(921,'Jack Arnold','12:01:00','23:59:00','Chennai','SUV'),(922,'Earl Brown','12:01:00','23:59:00','Delhi','Luxury'),(923,'Brian Mclelland','12:01:00','23:59:00','Bhopal','Mini'),(924,'Alfred Williams','12:01:00','23:59:00','Dhanbad','Mini'),(925,'Gary Baysinger','12:01:00','23:59:00','Gandhi Nagar','Mini'),(926,'David Bream','12:01:00','23:59:00','Pune','Sedan'),(927,'Mitchell Bugg','12:01:00','23:59:00','Kashmir','Mini'),(928,'Claude Bradshaw','12:01:00','23:59:00','Hyderabad','Luxury'),(929,'William Williams','12:01:00','23:59:00','Raipur','Sedan'),(930,'Christopher Jansen','12:01:00','23:59:00','Banglore','Mini'),(931,'Harland Fryer','12:01:00','23:59:00','Kashmir','Mini'),(932,'Tracy Corbeil','12:01:00','23:59:00','Dhanbad','SUV'),(933,'Kenneth Trottier','12:01:00','23:59:00','Kashmir','SUV'),(934,'Steven Barron','12:01:00','23:59:00','Mumbai','Sedan'),(935,'Robert Barkley','12:01:00','23:59:00','Kolkata','Mini'),(936,'Anthony Dobson','12:01:00','23:59:00','Dhanbad','Sedan'),(937,'Rick Schuler','12:01:00','23:59:00','Kolkata','Luxury'),(938,'George Bess','12:01:00','23:59:00','Delhi','Sedan'),(939,'Salvador Seawright','12:01:00','23:59:00','Banglore','Luxury'),(940,'Frank Armstrong','12:01:00','23:59:00','Chennai','Mini'),(941,'Mark Wood','12:01:00','23:59:00','Chennai','Mini'),(942,'Timothy Ranallo','12:01:00','23:59:00','Kolkata','SUV'),(943,'George Blair','12:01:00','23:59:00','Mandi','Mini'),(944,'Larry Cooper','12:01:00','23:59:00','Mandi','SUV'),(945,'Javier Gibbs','12:01:00','23:59:00','Kolkata','Sedan'),(946,'Marshall Hoffarth','12:01:00','23:59:00','Indore','Luxury'),(947,'William Hahn','12:01:00','23:59:00','Raipur','SUV'),(948,'Trent Cubias','12:01:00','23:59:00','Banglore','Luxury'),(949,'Joseph Drake','12:01:00','23:59:00','Mumbai','SUV'),(950,'Matthew Torres','12:01:00','23:59:00','Chandigarh','Luxury'),(951,'Frank Wood','12:01:00','23:59:00','Indore','SUV'),(952,'Michael Theriot','12:01:00','23:59:00','Mumbai','Luxury'),(953,'Howard Lomeli','12:01:00','23:59:00','Mandi','Mini'),(954,'Kevin Ristau','12:01:00','23:59:00','Bhopal','Luxury'),(955,'Adam Johnson','12:01:00','23:59:00','Bhopal','Sedan'),(956,'Ryan Shoji','12:01:00','23:59:00','Chennai','Luxury'),(957,'Peter Kramer','12:01:00','23:59:00','Delhi','SUV'),(958,'Steven Reda','12:01:00','23:59:00','Gandhi Nagar','Sedan'),(959,'James Hacker','12:01:00','23:59:00','Mumbai','Mini'),(960,'Wayne Blake','12:01:00','23:59:00','Gandhi Nagar','Sedan'),(961,'Phillip Diffey','12:01:00','23:59:00','Kolkata','Luxury'),(962,'Willie Simpson','12:01:00','23:59:00','Mandi','SUV'),(963,'Lawrence Horn','12:01:00','23:59:00','Mumbai','Mini'),(964,'Christopher Odum','12:01:00','23:59:00','Bhopal','SUV'),(965,'Morgan Keller','12:01:00','23:59:00','Banglore','Sedan'),(966,'Frank Wallace','12:01:00','23:59:00','Indore','SUV'),(967,'Cameron Hefferon','12:01:00','23:59:00','Gandhi Nagar','SUV'),(968,'William Nash','12:01:00','23:59:00','Gandhi Nagar','SUV'),(969,'Ronald Newberry','12:01:00','23:59:00','Delhi','Sedan'),(970,'Boyd Marshall','12:01:00','23:59:00','Mumbai','SUV'),(971,'John Clark','12:01:00','23:59:00','Dhanbad','SUV'),(972,'Robert Jamison','12:01:00','23:59:00','Gandhi Nagar','Mini'),(973,'Ryan Santiago','12:01:00','23:59:00','Kashmir','Luxury'),(974,'David Gadbaw','12:01:00','23:59:00','Kashmir','SUV'),(975,'Isreal Irby','12:01:00','23:59:00','Mandi','Mini'),(976,'Federico Battista','12:01:00','23:59:00','Kashmir','Luxury'),(977,'John Wilson','12:01:00','23:59:00','Delhi','Sedan'),(978,'Michael Sargent','12:01:00','23:59:00','Banglore','Sedan'),(979,'John Bew','12:01:00','23:59:00','Pune','Luxury'),(980,'Leon Williams','12:01:00','23:59:00','Gandhi Nagar','Sedan'),(981,'Gerald Hohn','12:01:00','23:59:00','Banglore','Luxury'),(982,'David Pugh','12:01:00','23:59:00','Hyderabad','Luxury'),(983,'Thomas Garza','12:01:00','23:59:00','Mandi','Mini'),(984,'Thomas Lade','12:01:00','23:59:00','Bhopal','Luxury'),(985,'Victor Hayes','12:01:00','23:59:00','Dhanbad','Sedan'),(986,'Elmer Woods','12:01:00','23:59:00','Banglore','SUV'),(987,'Robert Sanders','12:01:00','23:59:00','Mandi','Luxury'),(988,'Lloyd Dale','12:01:00','23:59:00','Banglore','Luxury'),(989,'Fred Lard','12:01:00','23:59:00','Mandi','Sedan'),(990,'James Glenn','12:01:00','23:59:00','Bhopal','Mini'),(991,'Wayne Jones','12:01:00','23:59:00','Banglore','Mini'),(992,'Dennis Durham','12:01:00','23:59:00','Dhanbad','Mini'),(993,'James Castillo','12:01:00','23:59:00','Chennai','Sedan'),(994,'Anthony Hall','12:01:00','23:59:00','Kolkata','Luxury'),(995,'Troy Kilgallon','12:01:00','23:59:00','Indore','Sedan'),(996,'Michael Mooney','12:01:00','23:59:00','Kashmir','Mini'),(997,'Mikel Jones','12:01:00','23:59:00','Hyderabad','Luxury'),(998,'Matt Decker','12:01:00','23:59:00','Gandhi Nagar','Luxury'),(999,'Fernando Hitchcock','12:01:00','23:59:00','Mandi','SUV'),(1000,'Paul Joiner','12:01:00','23:59:00','Gandhi Nagar','Sedan');
/*!40000 ALTER TABLE `driver` ENABLE KEYS */;
UNLOCK TABLES;

--
-- Table structure for table `driverinfo`
--

DROP TABLE IF EXISTS `driverinfo`;
/*!40101 SET @saved_cs_client     = @@character_set_client */;
/*!40101 SET character_set_client = utf8 */;
CREATE TABLE `driverinfo` (
  `ID` int(11) NOT NULL,
  `Name` varchar(255) NOT NULL,
  `Car` varchar(255) NOT NULL
) ENGINE=InnoDB DEFAULT CHARSET=utf8mb4;
/*!40101 SET character_set_client = @saved_cs_client */;

--
-- Dumping data for table `driverinfo`
--

LOCK TABLES `driverinfo` WRITE;
/*!40000 ALTER TABLE `driverinfo` DISABLE KEYS */;
INSERT INTO `driverinfo` VALUES (1,'Bradley Hawk','SUV'),(2,'Dennis Muller','SUV'),(3,'Stanley Johnson','SUV'),(4,'Luis Taylor','Mini'),(5,'Bradley Coker','Sedan'),(6,'Ronald Berry','Mini'),(7,'James Uitz','Luxury'),(8,'Johnny North','Mini'),(9,'Sidney Hernandez','SUV'),(10,'Louis Donaldson','Mini'),(11,'Keith Young','Mini'),(12,'Robert Fisher','Sedan'),(13,'Norman Lay','Mini'),(14,'Orville Ellis','Luxury'),(15,'Pat Johnson','SUV'),(16,'Edward Siverling','Luxury'),(17,'Aubrey Albert','Luxury'),(18,'Adan Conorich','Luxury'),(19,'Nathan Costello','Sedan'),(20,'Mario Moore','Luxury'),(21,'Ramon Griffith','Sedan'),(22,'Mark Reed','Luxury'),(23,'Robert Fontenot','Sedan'),(24,'Alex Willardson','Sedan'),(25,'Leon Jaeger','SUV'),(26,'Victor Hamson','SUV'),(27,'Alexander Law','Mini'),(28,'Angel Weber','SUV'),(29,'Frank Terra','Mini'),(30,'Alfred Alexander','Luxury'),(31,'Jerry Harrison','Mini'),(32,'Travis Lyell','Luxury'),(33,'Christopher Leandro','SUV'),(34,'Lance Parks','Sedan'),(35,'Kevin Samuels','Luxury'),(36,'Marvin Hawkins','SUV'),(37,'Russell Pierson','Luxury'),(38,'Joe Bryan','Luxury'),(39,'Brice Burdette','Mini'),(40,'Mark Dejesus','Sedan'),(41,'Amos Barnett','Mini'),(42,'Carl Obrien','SUV'),(43,'Richard Bernard','Sedan'),(44,'Ellis Case','Mini'),(45,'Raul Rider','Mini'),(46,'James Cameron','SUV'),(47,'Adam Craven','Mini'),(48,'Carl Hairston','Luxury'),(49,'Daniel Mcgriff','Mini'),(50,'Matthew Snipes','Luxury'),(51,'Steven Caplan','Sedan'),(52,'Carlos Shirley','Luxury'),(53,'Charles Brown','Luxury'),(54,'Anthony Reese','SUV'),(55,'Eric Ronzoni','Sedan'),(56,'John Goldblatt','SUV'),(57,'Gary Forest','Sedan'),(58,'Vernon Austin','Sedan'),(59,'Justin Hutto','Mini'),(60,'William Elizondo','SUV'),(61,'Barry Manko','Sedan'),(62,'Mark Juba','Sedan'),(63,'Matthew Shepherd','Sedan'),(64,'Jimmy Dunne','Luxury'),(65,'Michael Shirkey','Luxury'),(66,'Shawn Weingarten','Mini'),(67,'Clifford Oneal','Sedan'),(68,'William Fierro','SUV'),(69,'David Marquez','Mini'),(70,'Kevin Pullins','Sedan'),(71,'Michel Rogers','Luxury'),(72,'John Fisher','Luxury'),(73,'Roger Sthilaire','Sedan'),(74,'Sam Bowley','SUV'),(75,'John Lawrence','Mini'),(76,'Ernie Jenkins','Luxury'),(77,'Travis Taylor','Sedan'),(78,'Ernesto Crow','Luxury'),(79,'Dominique Barker','SUV'),(80,'John Morrison','Mini'),(81,'Rafael Moore','Mini'),(82,'Christopher Rushing','SUV'),(83,'William Cookman','Sedan'),(84,'Victor Satterwhite','SUV'),(85,'Terry Gardner','Mini'),(86,'Paul Davis','Sedan'),(87,'Bud Debo','SUV'),(88,'Conrad Iyo','Luxury'),(89,'Anthony Sheridan','SUV'),(90,'Kenneth Hickman','Sedan'),(91,'Eugene Walker','Mini'),(92,'Victor Salvadore','Sedan'),(93,'Julio Brandi','Luxury'),(94,'Billy Janow','SUV'),(95,'Michael Hull','Luxury'),(96,'Thomas Pierre','Sedan'),(97,'Julian Pearce','Sedan'),(98,'Daryl Clute','Mini'),(99,'Marvin Alonso','Mini'),(100,'Duane Velasquez','Sedan'),(101,'Adam Garrett','Luxury'),(102,'Robert Stewart','Luxury'),(103,'Richard Howze','Sedan'),(104,'Richard Alvarez','Mini'),(105,'George Watkins','Luxury'),(106,'Manuel Ward','Sedan'),(107,'Carl Jones','SUV'),(108,'Fred Tamaro','Luxury'),(109,'Douglas Lairy','SUV'),(110,'Charles Thompson','SUV'),(111,'James Throneberry','Sedan'),(112,'Richard Findley','Mini'),(113,'Lance Watkins','SUV'),(114,'Stephen Moniz','Luxury'),(115,'Charles Wang','Luxury'),(116,'Michael Thomas','SUV'),(117,'George Pellegrini','SUV'),(118,'Stephen Davis','Sedan'),(119,'Scott Fischer','SUV'),(120,'Clyde Steele','Mini'),(121,'Julius Gustafson','SUV'),(122,'Maurice Simpson','Luxury'),(123,'Tom Humphries','Luxury'),(124,'Andrew Lowder','Sedan'),(125,'Michael Sakkinen','Mini'),(126,'Richard Beauregard','Luxury'),(127,'David Gowen','SUV'),(128,'Brent Harger','SUV'),(129,'Carl Kocher','Luxury'),(130,'Brad Coates','SUV'),(131,'Scott Mallow','SUV'),(132,'Ross Corona','Mini'),(133,'Billy Daggett','SUV'),(134,'John Ortiz','Luxury'),(135,'Nathaniel Keith','Luxury'),(136,'Walter Scott','SUV'),(137,'Allen Grubbs','Luxury'),(138,'Josh Vatter','Luxury'),(139,'Edward Granados','Sedan'),(140,'Cecil Kraft','SUV'),(141,'Nathaniel Askew','Mini'),(142,'James Earle','Mini'),(143,'Dallas Kujawa','Mini'),(144,'Timothy Taylor','Sedan'),(145,'John Propheter','Sedan'),(146,'Steve Kirtley','Luxury'),(147,'Fredric Alvarez','Sedan'),(148,'Robert Delatrinidad','SUV'),(149,'Luis Dipaolo','Mini'),(150,'Bobby Gallagher','Luxury'),(151,'Bill Curtis','Sedan'),(152,'John Anderson','SUV'),(153,'James Jones','Luxury'),(154,'Robert Sollie','Luxury'),(155,'Milton Shaffer','SUV'),(156,'Raymond Midkiff','SUV'),(157,'Jess Gonzales','SUV'),(158,'George Bergquist','SUV'),(159,'Justin Bilger','Sedan'),(160,'Charles Rodriquez','SUV'),(161,'Boyd Armes','SUV'),(162,'Bernard Beaver','Sedan'),(163,'Anthony Wilkerson','Mini'),(164,'Michael Rose','Mini'),(165,'Darryl Yu','Luxury'),(166,'Dennis Dean','Mini'),(167,'John Randolph','Mini'),(168,'Steven Schuch','Luxury'),(169,'Rudy Woolery','Luxury'),(170,'Alvin Samaniego','Sedan'),(171,'Henry Grosbier','Luxury'),(172,'Gabriel Martinez','SUV'),(173,'Rodrigo Cuthbert','Luxury'),(174,'Robert Norrell','SUV'),(175,'Grover Jones','Sedan'),(176,'Melvin Casey','Mini'),(177,'Ernest Thompson','Sedan'),(178,'Gary Smith','Mini'),(179,'Joseph Ledbetter','Luxury'),(180,'Ray Horne','Luxury'),(181,'Ernest Wicklund','SUV'),(182,'Henry Garcia','Sedan'),(183,'Timothy Morataya','Mini'),(184,'Scott Cordova','Mini'),(185,'Eddie Bone','Sedan'),(186,'Julian Balderas','Sedan'),(187,'James Buresh','SUV'),(188,'Chris Rosado','Sedan'),(189,'Luciano Miller','Sedan'),(190,'Raymond Schneider','Luxury'),(191,'James Mclain','Luxury'),(192,'Scott Bowman','SUV'),(193,'Henry Slay','Mini'),(194,'Joshua Faison','Sedan'),(195,'Homer Shaughnessy','Luxury'),(196,'Edward Serbus','Sedan'),(197,'Bill Nelsen','Luxury'),(198,'Cary Reilly','Sedan'),(199,'Pedro Costa','Sedan'),(200,'Howard Johnson','SUV'),(201,'Michael Collier','Mini'),(202,'John Crawford','Sedan'),(203,'James Daniels','SUV'),(204,'Larry Gambrell','Mini'),(205,'Terry Ford','Mini'),(206,'James Terrones','Mini'),(207,'Wayne Larsen','Sedan'),(208,'Dale Howery','Mini'),(209,'Lloyd Mimnaugh','Sedan'),(210,'Andy James','Luxury'),(211,'Marco Amador','SUV'),(212,'Ted Shores','Mini'),(213,'Andrew Thomas','SUV'),(214,'Keith Chamberland','Sedan'),(215,'Ray James','Sedan'),(216,'John Horner','Mini'),(217,'Richard Johnson','Mini'),(218,'Thomas Roberts','Mini'),(219,'James Thornton','Mini'),(220,'William Mooney','SUV'),(221,'Richard Cartagena','Sedan'),(222,'Eugene Henry','SUV'),(223,'Marvin Mitchelle','Luxury'),(224,'Gus Evans','SUV'),(225,'Cecil Torres','Luxury'),(226,'William Russell','SUV'),(227,'Dean Caraballo','Sedan'),(228,'Brian Holcomb','Luxury'),(229,'Everett Jones','Luxury'),(230,'Alden Debose','Luxury'),(231,'Arthur King','Mini'),(232,'Chester Roy','Mini'),(233,'Donald Marks','Mini'),(234,'Cody Mederos','Luxury'),(235,'Jason Sikorski','Luxury'),(236,'Norman Canez','Sedan'),(237,'William Avery','Sedan'),(238,'Jeffrey Lambes','Mini'),(239,'Jody Anderson','Sedan'),(240,'Ivan Albers','Sedan'),(241,'Freddy Hopkins','Luxury'),(242,'Kevin Morse','Luxury'),(243,'Kim Lawton','SUV'),(244,'David Simms','Sedan'),(245,'Robert Mcgriff','Luxury'),(246,'Shannon Britt','Luxury'),(247,'Joseph Sims','Mini'),(248,'Charles Barron','Luxury'),(249,'Michael Slonaker','Luxury'),(250,'Walter Jones','Sedan'),(251,'Albert Powell','Mini'),(252,'Pierre Walker','SUV'),(253,'Billy Miller','Mini'),(254,'Edgar Birchfield','Luxury'),(255,'Jason Robinson','SUV'),(256,'Joel Hope','Sedan'),(257,'Colin Morehouse','Mini'),(258,'Chad Bynum','Mini'),(259,'Victor Ramirez','Sedan'),(260,'Brian Hansen','Luxury'),(261,'Ralph Harris','Luxury'),(262,'Steve Smith','Mini'),(263,'Donald Davis','SUV'),(264,'James Landrum','Sedan'),(265,'Dennis Richey','Luxury'),(266,'William Mauldin','SUV'),(267,'Richard Schwalb','SUV'),(268,'Michael White','Mini'),(269,'Erwin West','Mini'),(270,'Robert Perrier','SUV'),(271,'Donald Bowen','Mini'),(272,'Mitchell Smith','SUV'),(273,'Paul Hand','Sedan'),(274,'Charles Call','Sedan'),(275,'Bart Rogers','Mini'),(276,'Joseph Gamble','Luxury'),(277,'Kevin Caldwell','Sedan'),(278,'Clifton Coleman','SUV'),(279,'John Williams','Sedan'),(280,'Sidney Behrendt','SUV'),(281,'Matthew Steenbergen','Mini'),(282,'Larry Davis','SUV'),(283,'Lonnie Ruiz','Sedan'),(284,'John Hampton','Luxury'),(285,'Charlie Oh','Luxury'),(286,'John Chan','Mini'),(287,'Dennis Mcdonald','Sedan'),(288,'Blaine Patel','Sedan'),(289,'Andres Duncan','Luxury'),(290,'Roy Gayhart','Sedan'),(291,'Scotty Cropley','Luxury'),(292,'Shawn Walker','Mini'),(293,'William Riddle','Sedan'),(294,'Gary Reid','Sedan'),(295,'Jarrod Driver','Sedan'),(296,'Robert Turner','SUV'),(297,'Michael Greene','Sedan'),(298,'Richard Carlton','Mini'),(299,'Mark Lindsey','Mini'),(300,'Seth Davidson','Sedan'),(301,'Oscar Casillas','SUV'),(302,'Michael Barnes','Mini'),(303,'Daniel Metelus','Mini'),(304,'William Necaise','Luxury'),(305,'Elvin Williams','Luxury'),(306,'Edwin Beatty','Sedan'),(307,'Lawrence Johnson','SUV'),(308,'Rodney Sanchez','Sedan'),(309,'Walter Thomas','SUV'),(310,'Russell Blount','Mini'),(311,'James Sideris','Luxury'),(312,'Scott Baker','SUV'),(313,'Luis Bishop','SUV'),(314,'Terry Everett','SUV'),(315,'William Hunter','SUV'),(316,'Joseph Duncan','SUV'),(317,'Santos Musumeci','Sedan'),(318,'John Jackson','Luxury'),(319,'Andre Mason','Mini'),(320,'James Lopez','Sedan'),(321,'Noah Gentes','Mini'),(322,'Christopher Foster','Mini'),(323,'Kevin Kelley','Sedan'),(324,'Daryl Baker','SUV'),(325,'Alva Allen','Luxury'),(326,'John Haley','Sedan'),(327,'Andre Sansotta','Sedan'),(328,'William Rehling','SUV'),(329,'Richard Papadopoulos','Sedan'),(330,'Shawn Weaver','Sedan'),(331,'Malcolm Huang','SUV'),(332,'Jerome Miller','Sedan'),(333,'Albert Born','Luxury'),(334,'Thomas Masseria','Sedan'),(335,'Barry Keller','Luxury'),(336,'Mac Dona','SUV'),(337,'Walter Parker','Mini'),(338,'Ronald Gill','SUV'),(339,'Paul Baldwin','Mini'),(340,'Richard Turnbull','Sedan'),(341,'Joe Oldenkamp','Luxury'),(342,'Franklin Oyler','Luxury'),(343,'Steven Mathies','Luxury'),(344,'George Anderson','Sedan'),(345,'Ronald Rushing','Luxury'),(346,'Justin Gray','Mini'),(347,'Rigoberto Darrin','Luxury'),(348,'Frank Younglas','Luxury'),(349,'Michael Terman','Sedan'),(350,'Harry Hopkins','Sedan'),(351,'John Ball','Luxury'),(352,'James Demoss','Sedan'),(353,'Robert Dunham','SUV'),(354,'John Lowe','Sedan'),(355,'Charles Harris','Luxury'),(356,'Michael Campbell','Mini'),(357,'Rudolph Dickerson','Mini'),(358,'Renato Kelly','SUV'),(359,'Justin Dahl','Sedan'),(360,'Ted Suiter','SUV'),(361,'Randal Hill','Sedan'),(362,'Eduardo Lucas','SUV'),(363,'Stanley Lobue','Sedan'),(364,'John Spencer','Sedan'),(365,'Alan Casale','Luxury'),(366,'Donald King','Luxury'),(367,'Henry Odonnell','Sedan'),(368,'George Patterson','Mini'),(369,'Aaron Caton','SUV'),(370,'James Atkinson','Mini'),(371,'Austin Boles','SUV'),(372,'Wilbert Napier','Sedan'),(373,'Jose Hiemstra','Mini'),(374,'Charles Goggin','Mini'),(375,'David Greene','SUV'),(376,'Nathan Medina','Sedan'),(377,'James Dupre','SUV'),(378,'Billie West','Sedan'),(379,'James Poole','Mini'),(380,'Clayton Owen','SUV'),(381,'Kevin Whaley','Luxury'),(382,'Cory Larson','SUV'),(383,'Billy Jones','SUV'),(384,'Scott Akers','SUV'),(385,'Bruce Binder','Sedan'),(386,'Harold Randall','Luxury'),(387,'Robert Weems','Sedan'),(388,'Thomas Blair','SUV'),(389,'Andrew Grace','Luxury'),(390,'James Allison','Mini'),(391,'Fernando Turcotte','Mini'),(392,'Jimmy Lewis','SUV'),(393,'Juan Casali','SUV'),(394,'Gerald Mcclean','Mini'),(395,'Michael Tarr','Sedan'),(396,'Timothy Kelleher','SUV'),(397,'Albert Stone','SUV'),(398,'Todd Leger','Mini'),(399,'Jose Griffin','Sedan'),(400,'Kyle Vance','Luxury'),(401,'Austin Couch','Luxury'),(402,'Steven Lay','Sedan'),(403,'David Child','Luxury'),(404,'Keith Martin','Mini'),(405,'James Dobransky','Luxury'),(406,'Timothy Desoto','Mini'),(407,'Raymond Fess','Mini'),(408,'Walter Srour','Sedan'),(409,'George Ogden','Sedan'),(410,'Donny Roberts','Mini'),(411,'Paul Rustrian','Mini'),(412,'Jerrod Stroud','Mini'),(413,'Robert Tye','Luxury'),(414,'Melvin Mclaughlin','Luxury'),(415,'Tod Alvarado','Sedan'),(416,'Harold Hensley','Sedan'),(417,'Gregorio Bork','Sedan'),(418,'John Alexander','Sedan'),(419,'Carmen Silva','Sedan'),(420,'Jon Garcia','Sedan'),(421,'James Route','Luxury'),(422,'Matthew Weiss','Luxury'),(423,'Leonard Ward','SUV'),(424,'Shaun Newton','Sedan'),(425,'James Devalle','Luxury'),(426,'Richard Mcdermott','SUV'),(427,'Gregory Yedinak','Luxury'),(428,'Steven Ackerman','Mini'),(429,'Victor Milton','Luxury'),(430,'Joseph Perry','Sedan'),(431,'Bryan Seely','Mini'),(432,'George Fortin','Luxury'),(433,'William Winslow','Luxury'),(434,'Gordon Walker','Sedan'),(435,'Eric Shreve','SUV'),(436,'Peter Cole','Sedan'),(437,'Lee Davis','Sedan'),(438,'Rodney Digennaro','SUV'),(439,'Amado Lillpop','Luxury'),(440,'James Starnes','SUV'),(441,'Newton Leonard','Luxury'),(442,'Neil Potter','Luxury'),(443,'Mark Geathers','Sedan'),(444,'Harry Montpas','Sedan'),(445,'Floyd Sherman','Sedan'),(446,'Earl Doria','SUV'),(447,'Norman Kitchens','Luxury'),(448,'Marvin Brinegar','SUV'),(449,'Kris Ewalt','Mini'),(450,'Beau Carpenter','Mini'),(451,'George Krueger','Sedan'),(452,'Gordon Monroy','Luxury'),(453,'Justin Willis','SUV'),(454,'Chad Peck','Luxury'),(455,'Larry Johnson','Sedan'),(456,'Brain Calle','SUV'),(457,'Chad Haas','Mini'),(458,'Mitchell Givens','Luxury'),(459,'Paul Borrow','Sedan'),(460,'Lawrence Kelly','Sedan'),(461,'Roger Rice','Mini'),(462,'Chris Miller','Sedan'),(463,'Gary Pedigo','Sedan'),(464,'Thomas Duncan','Luxury'),(465,'Corey Riley','Mini'),(466,'Nicholas Gay','Sedan'),(467,'Keith Carlson','Mini'),(468,'Daniel Adams','Mini'),(469,'Richard Carney','Mini'),(470,'Jose Durham','Mini'),(471,'Charles Law','SUV'),(472,'Raymond Lopez','Luxury'),(473,'Frank Martinez','Sedan'),(474,'Lloyd Martine','Sedan'),(475,'Lee Gomez','Sedan'),(476,'Peter Hayes','Mini'),(477,'Manuel Peeples','SUV'),(478,'John Hough','Sedan'),(479,'John Ratcliff','Sedan'),(480,'Terry Wakefield','SUV'),(481,'John Kinney','Sedan'),(482,'James Kumar','Mini'),(483,'Ricardo Simon','Mini'),(484,'Carl Holmes','Mini'),(485,'Timothy Vankeuren','Luxury'),(486,'Robin Weaver','Mini'),(487,'Jonathan Rooks','SUV'),(488,'Curtis Rollinger','Luxury'),(489,'Robert Frohman','Luxury'),(490,'Charles Chavarria','Mini'),(491,'Chad Benson','Sedan'),(492,'Paul Leveille','SUV'),(493,'Alexander Lee','Luxury'),(494,'Ernest Chaffins','Mini'),(495,'Giovanni Lucas','Sedan'),(496,'Andrew Caballero','Mini'),(497,'Armando Ward','Mini'),(498,'Carl Cooke','Luxury'),(499,'Daniel Barbour','Mini'),(500,'Albert Prok','Sedan'),(501,'Luis Cordero','Sedan'),(502,'Robert Harkins','Mini'),(503,'Jeffrey Robinette','Luxury'),(504,'Reginald Heaney','Mini'),(505,'Robert Forgey','Mini'),(506,'Carlos Serrano','Sedan'),(507,'Dustin Cobb','Sedan'),(508,'Larry Plemmons','SUV'),(509,'Alonzo Carter','Luxury'),(510,'Kyle Malinowski','Luxury'),(511,'Curtis Zamarripa','Sedan'),(512,'Christopher Floyd','Mini'),(513,'John Kwok','Sedan'),(514,'Gerald Mckinney','Sedan'),(515,'Howard Sparkman','Mini'),(516,'Michael Swick','SUV'),(517,'Blake Parker','Luxury'),(518,'Larry Young','Sedan'),(519,'Robert Kun','Sedan'),(520,'Richard Dean','Luxury'),(521,'Jeffery Caldwell','Luxury'),(522,'Derrick Glander','Luxury'),(523,'Quinn Shipman','Luxury'),(524,'John Tribble','Sedan'),(525,'George Wagner','Mini'),(526,'Gregory Mejia','SUV'),(527,'George Grissett','Sedan'),(528,'Scott Dickerson','Sedan'),(529,'Melvin Tisby','Luxury'),(530,'Robert Lehmann','Mini'),(531,'Willard Neal','Mini'),(532,'Richard Warner','Mini'),(533,'Joel Yamazaki','SUV'),(534,'Omar Donahoe','Mini'),(535,'Robert Kelly','Luxury'),(536,'Frederick Perry','SUV'),(537,'William Walters','Sedan'),(538,'Russell Sangster','SUV'),(539,'Thomas White','Sedan'),(540,'Michael Mullan','Mini'),(541,'Joshua Ayala','Sedan'),(542,'Thad Peterson','Luxury'),(543,'Eugene Tamura','Sedan'),(544,'Richard Vincent','Luxury'),(545,'Christopher Gregory','Sedan'),(546,'Greg Buffum','Luxury'),(547,'Terry Metivier','Sedan'),(548,'Robert Page','Sedan'),(549,'Robert Lourentzos','SUV'),(550,'Pete Orr','Sedan'),(551,'Bill Wiemer','Sedan'),(552,'Wyatt Feucht','Sedan'),(553,'George Goodnight','Mini'),(554,'Thomas Watson','SUV'),(555,'Gregory Nichols','Mini'),(556,'Adam Hardy','SUV'),(557,'James Arnold','Luxury'),(558,'Chad Schuller','Luxury'),(559,'James Sammarco','Luxury'),(560,'George Kalish','SUV'),(561,'Spencer York','SUV'),(562,'James Moyer','Sedan'),(563,'Aaron Wilson','Sedan'),(564,'Fred Yankey','Mini'),(565,'Richard Affolter','Mini'),(566,'Danny Warner','Mini'),(567,'Bill Robinson','SUV'),(568,'John Lowe','Luxury'),(569,'Hector Spiller','Sedan'),(570,'Kenneth Sisson','SUV'),(571,'Michel Malizia','Mini'),(572,'James Schontz','SUV'),(573,'Dominic Fly','Luxury'),(574,'Ross Losey','Luxury'),(575,'Thomas Brown','SUV'),(576,'Doyle Vinson','SUV'),(577,'Fred Horn','Mini'),(578,'Jay Breedlove','Mini'),(579,'Michael Conerly','Luxury'),(580,'Michael Barnette','SUV'),(581,'William Alvarez','Luxury'),(582,'James Mcalpin','SUV'),(583,'Vincent Robinett','Luxury'),(584,'Alex Garcia','Luxury'),(585,'Michael Carlson','Luxury'),(586,'Nickolas Turco','Mini'),(587,'Carroll Lamb','Luxury'),(588,'Michael Chow','Sedan'),(589,'David Crosby','Sedan'),(590,'Jack Leal','Sedan'),(591,'Harvey George','Sedan'),(592,'Stacy Mellott','Mini'),(593,'Trenton Durham','SUV'),(594,'Vern Peterson','SUV'),(595,'William Juarez','Mini'),(596,'Barney Osborne','SUV'),(597,'Thomas Jackson','Sedan'),(598,'Anthony Pellegrino','Sedan'),(599,'Timothy Spann','SUV'),(600,'Kenneth Evans','Sedan'),(601,'Rocky Winkelman','SUV'),(602,'Gus Wolfe','Sedan'),(603,'Keith Johnson','Mini'),(604,'Charles Carmean','Mini'),(605,'Greg March','SUV'),(606,'James Harkness','SUV'),(607,'William Gautam','SUV'),(608,'Michael Cottle','SUV'),(609,'James Woodward','Luxury'),(610,'Dean Berryhill','Sedan'),(611,'Thomas Worsham','Mini'),(612,'George Tejeda','Luxury'),(613,'Micheal Bartell','Luxury'),(614,'Troy Carrigan','Sedan'),(615,'Alex Harrigan','SUV'),(616,'Stephen Wallin','Sedan'),(617,'Eric Dinsmoor','Luxury'),(618,'Danny Alvarez','SUV'),(619,'Valentin Gerdes','SUV'),(620,'Jeffrey Cookman','SUV'),(621,'Jason Roach','SUV'),(622,'Arthur Tatro','Mini'),(623,'James Sims','Mini'),(624,'Alexander Wittels','SUV'),(625,'Lamont Lane','Luxury'),(626,'John Reed','Luxury'),(627,'Warren Yost','Sedan'),(628,'Robert Demetro','Luxury'),(629,'Al Browning','SUV'),(630,'Mario Noel','Luxury'),(631,'Harry Mullen','SUV'),(632,'Paul Jackson','SUV'),(633,'Henry Bergstrom','Mini'),(634,'Kendrick Vida','SUV'),(635,'Kendall Baugh','Sedan'),(636,'Larry Morin','Mini'),(637,'David Jones','Mini'),(638,'Rolland Beck','Sedan'),(639,'William Faulkner','Mini'),(640,'Charles Tracy','SUV'),(641,'Edward Carpenter','SUV'),(642,'Gary Lyell','SUV'),(643,'Lowell Wright','Luxury'),(644,'Michael Giordano','SUV'),(645,'Daniel Marty','Sedan'),(646,'Jeffrey Powers','Luxury'),(647,'Gerard Monfort','Sedan'),(648,'Marcus Manders','SUV'),(649,'Russell Allen','Luxury'),(650,'Robert Heichel','Luxury'),(651,'Kenneth Feldman','Luxury'),(652,'Jeremy Wilson','Sedan'),(653,'Howard Higgenbotham','SUV'),(654,'Paul Whitlock','Mini'),(655,'Carl Antonio','Sedan'),(656,'Kyle Flores','Mini'),(657,'Brian Denyes','Sedan'),(658,'Rudy Young','Sedan'),(659,'Jimmie Lopes','SUV'),(660,'Robert Branch','SUV'),(661,'David Bergan','SUV'),(662,'Edwin Aranda','Mini'),(663,'Duane Ruder','Luxury'),(664,'Stanley Imfeld','Mini'),(665,'Delbert West','Luxury'),(666,'Jeffry Ascolese','Sedan'),(667,'Mike Davis','Sedan'),(668,'Jimmy Teano','Luxury'),(669,'Richard Hogan','Mini'),(670,'Arthur Miller','Luxury'),(671,'Homer Thomas','Mini'),(672,'David Thompson','Luxury'),(673,'Robert Coleman','Sedan'),(674,'Michael Miller','Luxury'),(675,'James Beecher','SUV'),(676,'Blake Halstead','Sedan'),(677,'Lavern Garrison','Luxury'),(678,'Alfred Worley','Luxury'),(679,'Chad Age','Sedan'),(680,'John Carrales','Sedan'),(681,'Curtis Herbert','Mini'),(682,'Eric Wilson','SUV'),(683,'Herbert Buckmaster','SUV'),(684,'David Graham','Mini'),(685,'Olin Fassett','Sedan'),(686,'William Mitchell','Mini'),(687,'Gregory Watts','SUV'),(688,'David Scheer','Sedan'),(689,'Jeremy Simons','Luxury'),(690,'James New','Sedan'),(691,'Roger Neiman','Mini'),(692,'Aaron Munter','SUV'),(693,'Keith Thornberg','Sedan'),(694,'Nicholas Stamps','SUV'),(695,'Timothy Park','Luxury'),(696,'John Stoner','SUV'),(697,'Clement Brummer','Sedan'),(698,'Emanuel Jones','Mini'),(699,'Robert Handy','SUV'),(700,'Jay Barrett','Luxury'),(701,'Scott Potter','Mini'),(702,'John Kleinschmidt','Luxury'),(703,'Stanley Collins','Mini'),(704,'Richard Gearhart','SUV'),(705,'Maurice Toombs','SUV'),(706,'Jay Vega','SUV'),(707,'Christopher Bailey','Mini'),(708,'Robert Standley','Sedan'),(709,'Richard Zook','SUV'),(710,'Ralph King','Mini'),(711,'Andrew Chavez','Sedan'),(712,'Michael Bradt','SUV'),(713,'Paul Sunderland','SUV'),(714,'Mark Nolan','Mini'),(715,'Christopher Hogan','SUV'),(716,'Ervin Baggett','SUV'),(717,'Robert Jara','Mini'),(718,'Kurtis Smith','Luxury'),(719,'Charles Michelsen','Mini'),(720,'Kelly Maples','SUV'),(721,'James Ferguson','Luxury'),(722,'David Goodman','SUV'),(723,'Lawrence Harris','Mini'),(724,'Johnny Miller','Sedan'),(725,'William Ballard','Luxury'),(726,'James Bracamonte','SUV'),(727,'Anthony Lopez','SUV'),(728,'Bruce Corbisiero','Luxury'),(729,'Juan Johnston','Sedan'),(730,'Jason Anderson','SUV'),(731,'Andrew Davis','SUV'),(732,'Ricky Rosenberg','Luxury'),(733,'Travis Joy','Luxury'),(734,'Travis Trujillo','Sedan'),(735,'Winford Fishman','Mini'),(736,'Gary Shetlar','Mini'),(737,'Walter Coats','Luxury'),(738,'James Lane','SUV'),(739,'Andrew Coleman','Mini'),(740,'Charles Gray','Luxury'),(741,'Daniel Forman','SUV'),(742,'George Lee','Sedan'),(743,'Stephen Bergmann','Sedan'),(744,'Terry Adler','Luxury'),(745,'Marvin Covington','Sedan'),(746,'Henry Nelson','Mini'),(747,'King Corum','Mini'),(748,'Douglas Seymour','Mini'),(749,'Michael Brooks','Sedan'),(750,'James Maha','Luxury'),(751,'Antonio Zaragoza','Luxury'),(752,'Robert Canez','Mini'),(753,'Travis Borchardt','Sedan'),(754,'Nicholas Williams','Mini'),(755,'Julio Wahl','Mini'),(756,'Bryan Sterling','Luxury'),(757,'Irving Botts','SUV'),(758,'Bruce Coker','Sedan'),(759,'Herbert Moore','Luxury'),(760,'Calvin Leblanc','Mini'),(761,'Carlos Green','SUV'),(762,'Benjamin Whitson','Sedan'),(763,'Richard Persaud','Mini'),(764,'Stephen Martinson','Sedan'),(765,'Jeffrey Taylor','SUV'),(766,'Steve Weaver','Sedan'),(767,'Eric Grabner','Sedan'),(768,'Enrique Shook','Luxury'),(769,'Ray Knutson','Luxury'),(770,'David Robinson','SUV'),(771,'David Johnson','Luxury'),(772,'Jorge Parker','Luxury'),(773,'Harold Williams','Luxury'),(774,'Guy Amos','SUV'),(775,'Nelson Deal','Mini'),(776,'Joseph Slevin','Luxury'),(777,'Ronnie Carder','Mini'),(778,'Stephen Ayon','Sedan'),(779,'Arthur Barreras','SUV'),(780,'Wayne Schertz','SUV'),(781,'Mark Bartolini','Mini'),(782,'Clarence Barnett','Mini'),(783,'Harry Adams','Sedan'),(784,'Reid Mattson','Luxury'),(785,'Timothy Shea','Luxury'),(786,'Edward Mull','SUV'),(787,'Richard Gomez','SUV'),(788,'William Lynn','Mini'),(789,'Dennis Mancias','Luxury'),(790,'Daniel Murphy','Sedan'),(791,'Richard Lerma','Mini'),(792,'Chad Davis','Mini'),(793,'Luis Montoya','SUV'),(794,'Philip Delton','Mini'),(795,'William Webster','Luxury'),(796,'Mariano Ward','Luxury'),(797,'Dominic Davis','Luxury'),(798,'Troy Thomas','Luxury'),(799,'Neil Griffin','Sedan'),(800,'James Malkin','SUV'),(801,'Larry Custer','Mini'),(802,'Thomas Fry','Sedan'),(803,'Elwood Gillespie','Mini'),(804,'Frank Gates','Sedan'),(805,'Salvatore Archie','Sedan'),(806,'Daniel Tolbert','Mini'),(807,'David Perry','Luxury'),(808,'Nicholas Carlin','SUV'),(809,'Anthony Wall','Mini'),(810,'Daniel Bueche','SUV'),(811,'Eddie Myers','Sedan'),(812,'James Williams','SUV'),(813,'John Mitchell','Sedan'),(814,'Edward Fassett','Luxury'),(815,'Michael Cross','SUV'),(816,'Brian Harden','Mini'),(817,'Chad Syrett','Mini'),(818,'Glenn Murdock','Luxury'),(819,'Louis Wood','Luxury'),(820,'David Kinsley','Luxury'),(821,'Michael Hilyard','Luxury'),(822,'Glen Sloan','Sedan'),(823,'Garry Tong','SUV'),(824,'Jerry Bodily','Luxury'),(825,'John Grant','Luxury'),(826,'Kirk Ortiz','Luxury'),(827,'Raymond Austin','SUV'),(828,'David Vines','SUV'),(829,'Herbert Ward','Sedan'),(830,'Randall Pratt','Luxury'),(831,'Howard Burton','SUV'),(832,'Samuel Moorhead','Mini'),(833,'Dan Smith','Luxury'),(834,'John Martin','Sedan'),(835,'Lemuel Gibson','SUV'),(836,'Jon Harden','SUV'),(837,'Efrain Spiller','Mini'),(838,'Preston Kumro','Luxury'),(839,'Ricardo Hamilton','SUV'),(840,'Craig Lawrence','Luxury'),(841,'Dennis Lyons','Mini'),(842,'Craig Mcintire','Mini'),(843,'David Marine','Mini'),(844,'Brett Turner','Mini'),(845,'William Bruce','Luxury'),(846,'Carlos Proffitt','Luxury'),(847,'Ernest Murray','Mini'),(848,'Arturo Bearden','SUV'),(849,'Michael Mathias','Luxury'),(850,'Earl Pegram','SUV'),(851,'Gerald Davis','SUV'),(852,'James Rivera','SUV'),(853,'Michael Barnette','Sedan'),(854,'Joey Chastain','SUV'),(855,'Eugene Green','Luxury'),(856,'Willard Case','Sedan'),(857,'James Millard','SUV'),(858,'Kenneth Robinson','Mini'),(859,'Thomas Garcia','Sedan'),(860,'Sidney Principato','Mini'),(861,'Kevin Jackson','Mini'),(862,'Garth Johnson','Mini'),(863,'Timothy Rathbun','SUV'),(864,'Andre Farmer','SUV'),(865,'Francisco Maxon','SUV'),(866,'Daniel Fredrick','Luxury'),(867,'Phillip Stuckett','Sedan'),(868,'Timothy Waldbauer','Mini'),(869,'Joseph Mccarroll','Mini'),(870,'Paul Richardson','Luxury'),(871,'Ron Spradlin','SUV'),(872,'David Mody','Sedan'),(873,'Donald Towler','Mini'),(874,'Ryan Hall','Mini'),(875,'Joe Bailey','Sedan'),(876,'Robert King','SUV'),(877,'Charles Carter','Mini'),(878,'Roy Cauthon','Sedan'),(879,'Gary Tang','Luxury'),(880,'Timothy Demery','Mini'),(881,'Leonard Lowry','Sedan'),(882,'Brian Doyel','SUV'),(883,'Robert Larimore','Luxury'),(884,'Ervin Walker','SUV'),(885,'Antonio Wood','SUV'),(886,'Andrew Gongora','Luxury'),(887,'Frank Morris','Mini'),(888,'Christopher Belinsky','Sedan'),(889,'Michael List','SUV'),(890,'Melvin Adams','Mini'),(891,'Sam Perkins','Luxury'),(892,'Rex Gibson','Sedan'),(893,'Harry Taylor','SUV'),(894,'Kelly Milton','Sedan'),(895,'Arthur Rose','SUV'),(896,'Alfredo Smith','SUV'),(897,'Troy Nance','SUV'),(898,'Eric Nava','Mini'),(899,'James Houser','Luxury'),(900,'William Paro','Sedan'),(901,'Mark Smith','Luxury'),(902,'Gerard Baker','Luxury'),(903,'Victor Vanburen','SUV'),(904,'Brian Bolton','Mini'),(905,'Marcos Woods','SUV'),(906,'William Michaud','Luxury'),(907,'Michael Mcnally','SUV'),(908,'James Warren','Sedan'),(909,'Mark Mcnally','Mini'),(910,'Bill Morgan','Luxury'),(911,'Richard Oakley','Sedan'),(912,'James Kirn','Luxury'),(913,'Steve Rosa','SUV'),(914,'Eddie Buchanan','Luxury'),(915,'Edward Leppert','Sedan'),(916,'Frank Trilli','Sedan'),(917,'Alan Galloway','SUV'),(918,'William Cooper','Sedan'),(919,'Joseph Thompson','Mini'),(920,'Kenneth Goins','Mini'),(921,'Jack Arnold','SUV'),(922,'Earl Brown','Luxury'),(923,'Brian Mclelland','Mini'),(924,'Alfred Williams','Mini'),(925,'Gary Baysinger','Mini'),(926,'David Bream','Sedan'),(927,'Mitchell Bugg','Mini'),(928,'Claude Bradshaw','Luxury'),(929,'William Williams','Sedan'),(930,'Christopher Jansen','Mini'),(931,'Harland Fryer','Mini'),(932,'Tracy Corbeil','SUV'),(933,'Kenneth Trottier','SUV'),(934,'Steven Barron','Sedan'),(935,'Robert Barkley','Mini'),(936,'Anthony Dobson','Sedan'),(937,'Rick Schuler','Luxury'),(938,'George Bess','Sedan'),(939,'Salvador Seawright','Luxury'),(940,'Frank Armstrong','Mini'),(941,'Mark Wood','Mini'),(942,'Timothy Ranallo','SUV'),(943,'George Blair','Mini'),(944,'Larry Cooper','SUV'),(945,'Javier Gibbs','Sedan'),(946,'Marshall Hoffarth','Luxury'),(947,'William Hahn','SUV'),(948,'Trent Cubias','Luxury'),(949,'Joseph Drake','SUV'),(950,'Matthew Torres','Luxury'),(951,'Frank Wood','SUV'),(952,'Michael Theriot','Luxury'),(953,'Howard Lomeli','Mini'),(954,'Kevin Ristau','Luxury'),(955,'Adam Johnson','Sedan'),(956,'Ryan Shoji','Luxury'),(957,'Peter Kramer','SUV'),(958,'Steven Reda','Sedan'),(959,'James Hacker','Mini'),(960,'Wayne Blake','Sedan'),(961,'Phillip Diffey','Luxury'),(962,'Willie Simpson','SUV'),(963,'Lawrence Horn','Mini'),(964,'Christopher Odum','SUV'),(965,'Morgan Keller','Sedan'),(966,'Frank Wallace','SUV'),(967,'Cameron Hefferon','SUV'),(968,'William Nash','SUV'),(969,'Ronald Newberry','Sedan'),(970,'Boyd Marshall','SUV'),(971,'John Clark','SUV'),(972,'Robert Jamison','Mini'),(973,'Ryan Santiago','Luxury'),(974,'David Gadbaw','SUV'),(975,'Isreal Irby','Mini'),(976,'Federico Battista','Luxury'),(977,'John Wilson','Sedan'),(978,'Michael Sargent','Sedan'),(979,'John Bew','Luxury'),(980,'Leon Williams','Sedan'),(981,'Gerald Hohn','Luxury'),(982,'David Pugh','Luxury'),(983,'Thomas Garza','Mini'),(984,'Thomas Lade','Luxury'),(985,'Victor Hayes','Sedan'),(986,'Elmer Woods','SUV'),(987,'Robert Sanders','Luxury'),(988,'Lloyd Dale','Luxury'),(989,'Fred Lard','Sedan'),(990,'James Glenn','Mini'),(991,'Wayne Jones','Mini'),(992,'Dennis Durham','Mini'),(993,'James Castillo','Sedan'),(994,'Anthony Hall','Luxury'),(995,'Troy Kilgallon','Sedan'),(996,'Michael Mooney','Mini'),(997,'Mikel Jones','Luxury'),(998,'Matt Decker','Luxury'),(999,'Fernando Hitchcock','SUV'),(1000,'Paul Joiner','Sedan');
/*!40000 ALTER TABLE `driverinfo` ENABLE KEYS */;
UNLOCK TABLES;
/*!40103 SET TIME_ZONE=@OLD_TIME_ZONE */;

/*!40101 SET SQL_MODE=@OLD_SQL_MODE */;
/*!40014 SET FOREIGN_KEY_CHECKS=@OLD_FOREIGN_KEY_CHECKS */;
/*!40014 SET UNIQUE_CHECKS=@OLD_UNIQUE_CHECKS */;
/*!40101 SET CHARACTER_SET_CLIENT=@OLD_CHARACTER_SET_CLIENT */;
/*!40101 SET CHARACTER_SET_RESULTS=@OLD_CHARACTER_SET_RESULTS */;
/*!40101 SET COLLATION_CONNECTION=@OLD_COLLATION_CONNECTION */;
/*!40111 SET SQL_NOTES=@OLD_SQL_NOTES */;

-- Dump completed on 2021-11-11 22:33:54
